t,h,local_error_over_tol,y2,y2_ref,global_error_L2,lam_max
0.0001,0.0001,0.017275142873595543,3.987653036414396e-06,3.984068464485018e-06,5.069301771209315e-09,239.00441315945733
0.00030000000000000003,0.00020000000000000004,0.1832199802550351,1.1597199936165945e-05,1.1585809604207315e-05,1.6105637998090353e-08,695.0368342534172
0.0007000000000000001,0.0004000000000000001,0.7774303959772768,2.3416107003320247e-05,2.3554239107057587e-05,1.9538593573641394e-07,1413.0632188225009
0.0011082928197083636,0.00040829281970836346,0.5506775315634391,3.0360497674383496e-05,3.059425577401335e-05,3.3064050078863946e-07,1835.4867252399345
0.0016034756449748798,0.0004951828252665162,0.3438574085812203,3.41826484605209e-05,3.439749001014512e-05,3.0389600317553484e-07,2063.8027651593275
0.002363484915627378,0.0007600092706524983,0.1784162056709857,3.5982762960130806e-05,3.6097033251372274e-05,1.616763755337298e-07,2166.0452798512006
0.0038835034569323747,0.0015200185413049966,0.04722372932374462,3.6468843950593055e-05,3.648083405051746e-05,1.7047825602291567e-08,2189.6732043774846
0.006923540539542368,0.0030400370826099933,0.03723842667557875,3.6473785061646436e-05,3.647312786807894e-05,8.685454527518336e-10,2190.4249735017925
0.013003614704762356,0.006080074165219988,0.14819677017372185,3.64283631301426e-05,3.6428385818469794e-05,2.679409070058276e-10,2190.1648459205226
0.025163763035202333,0.012160148330439977,0.5860607189097289,3.633932538436535e-05,3.633932421376554e-05,3.583227263252991e-09,2189.6521437581287
0.039459616081921514,0.014295853046719181,0.8007110655528124,3.623539934507714e-05,3.6235398107827074e-05,8.83749607791311e-09,2189.0659494508386
0.05383815209414006,0.014378536012218543,0.8012052043044303,3.613171043268534e-05,3.613170850593248e-05,1.406960983254105e-08,2188.49414947153
0.06829538901300583,0.014457236918865773,0.8011992142435524,3.602829034110447e-05,3.602828774648329e-05,1.927428034241536e-08,2187.9369277658093
0.08283181194740083,0.014536422934394999,0.8011921455381225,3.592513883739551e-05,3.592513558121407e-05,2.445163395662644e-08,2187.3942822872946
0.09744791909614475,0.014616107148743923,0.8011850989968206,3.582225559948228e-05,3.582225168837129e-05,2.96017962763572e-08,2186.8662104728064
0.11214421189128004,0.01469629279513529,0.8011780767546578,3.571964030368428e-05,3.571963574422723e-05,3.472489322451924e-08,2186.3527096411626
0.12692119499942464,0.014776983108144598,0.8011710789998516,3.5617292624469043e-05,3.561728742321088e-05,3.9821049774965374e-08,2185.8537769937298
0.1417793763407663,0.014858181341341647,0.8011641059015376,3.5515212234465945e-05,3.551520639791302e-05,4.489039087485505e-08,2185.369409614305
0.15671926710831138,0.014939890767545094,0.8011571576297186,3.541339880447012e-05,3.541339233908997e-05,4.993304153915583e-08,2184.899604469001
0.17174138178720721,0.015022114678895832,0.8011502343569996,3.531185200344663e-05,3.531184491566858e-05,5.494912429516529e-08,2184.44435840615
0.18684623817412052,0.015104856386913307,0.8011433362507814,3.5210571498534955e-05,3.5210563794748975e-05,5.99387696427197e-08,2184.003668156167
0.2020343573967457,0.015188119222625168,0.8011364634775975,3.5109556955053554e-05,3.5109548641612005e-05,6.490209731426177e-08,2183.5775303315118
0.2173062639334023,0.01527190653665661,0.8011296162065834,3.5008808036504184e-05,3.5008799119721913e-05,6.983922655219205e-08,2183.1659414265573
0.23266248563268913,0.015356221699286826,0.8011227946060073,3.4908324404576984e-05,3.490831489073018e-05,7.475028067317773e-08,2182.768897817471
0.24810355373322684,0.01544106810053772,0.8011159988371985,3.480810571915532e-05,3.480809561448156e-05,7.963538733615402e-08,2182.386395762219
0.2636300028835484,0.01552644915032153,0.8011092290614863,3.4708151638320614e-05,3.470814094901892e-05,8.44946649064838e-08,2182.0184314004055
0.2792423711620712,0.015612368278522804,0.8011024854575471,3.460846181835721e-05,3.4608450550591916e-05,8.932822768814363e-08,2181.6650007534718
0.2949412000969815,0.015698828934910314,0.8010957681676284,3.4509035913758645e-05,3.450902407365109e-05,9.413621792046113e-08,2181.3260997241373
0.31072703468655416,0.015785834589572667,0.8010890773652024,3.4409873577231666e-05,3.440986117087035e-05,9.891872889637512e-08,2181.0017240969414
0.3266004234192497,0.01587338873269556,0.8010824132133332,3.431097445970252e-05,3.4310961493135776e-05,1.0367590225417832e-07,2180.69186953781
0.3425619182939929,0.015961494874743187,0.8010757758646764,3.421233821032267e-05,3.421232468956067e-05,1.0840785143183642e-07,2180.3965315940795
0.3586120748406355,0.016050156546642602,0.8010691654840307,3.4113964476474173e-05,3.411395040749207e-05,1.1311468607333125e-07,2180.1157056947054
0.37475145214038014,0.01613937729974463,0.8010625822205825,3.4015852903775857e-05,3.401583829251029e-05,1.1779653564015848e-07,2179.8493871499977
0.39098061284644114,0.016229160706061008,0.8010560262391303,3.3918003136088736e-05,3.391798798843719e-05,1.224535249497532e-07,2179.597571151634
0.4073001232046299,0.016319510358188738,0.8010494976888605,3.382041481552277e-05,3.3820399137347344e-05,1.2708575936392535e-07,2179.360252772823
0.4237105530741787,0.016410429869548826,0.8010429967345717,3.372308758244257e-05,3.372307137956915e-05,1.3169335631944848e-07,2179.137426968225
0.44021247594848684,0.016501922874308128,0.8010365235185113,3.3626021075474393e-05,3.36260043536909e-05,1.36276439137297e-07,2178.9290885739133
0.4568064689761778,0.01659399302769099,0.8010300781916002,3.352921493151194e-05,3.352919769656798e-05,1.4083513135679143e-07,2178.735232307418
0.4734931129821508,0.016686644005972973,0.8010236609221066,3.343266878572291e-05,3.343265104333261e-05,1.4536953974295632e-07,2178.5558527678127
0.49027299248853173,0.016779879506380935,0.8010172718384001,3.3336382271556634e-05,3.33363640273971e-05,1.4987978246736956e-07,2178.3909444357255
0.5071466957361206,0.016873703247588856,0.8010109111104835,3.3240355020749635e-05,3.3240336280461736e-05,1.5436597464722794e-07,2178.2405016733796
0.524114814705485,0.016968118969364454,0.8010045788632569,3.3144586663333866e-05,3.314456743252268e-05,1.5882823217989476e-07,2178.1045187246928
0.5411779451386093,0.01706313043312424,0.8009982752632538,3.304907682764227e-05,3.3049057111875276e-05,1.6326666278354525e-07,2177.9829897151008
0.5583366865601851,0.017158741421575807,0.8009920004492521,3.295382514031733e-05,3.295380494512291e-05,1.6768140869140017e-07,2177.8759086519813
0.5755916422992761,0.01725495573909097,0.8009857545600296,3.285883122631774e-05,3.2858810557193254e-05,1.7207255728890323e-07,2177.7832694246304
0.5929434195110658,0.01735177721178971,0.8009795377447726,3.276409470892569e-05,3.276407357133108e-05,1.7644021669657324e-07,2177.705065804061
0.6103926291985746,0.01744920968750885,0.8009733501457283,3.266961520975455e-05,3.2669593609109284e-05,1.8078453132119898e-07,2177.6412914433463
0.6279398862345321,0.017547257035957498,0.8009671918982053,3.2575392348756666e-05,3.257537029044964e-05,1.8510559206871133e-07,2177.5919398779083
0.6455858093834064,0.017645923148874254,0.8009610631479203,3.248142574423072e-05,3.2481403233613745e-05,1.8940350238120687e-07,2177.557004525063
0.6633310213234009,0.017745211939994565,0.8009549640336511,3.238771501282999e-05,3.238769205521494e-05,1.9367841049259302e-07,2177.5364786846194
0.6811761486686081,0.017845127345207157,0.8009488946768284,3.2294259769570295e-05,3.2294236370240044e-05,1.9793038977771493e-07,2177.530355538941
0.6991218219914371,0.017945673322829037,0.8009428552370468,3.220105962783724e-05,3.220103579203344e-05,2.0215957291675108e-07,2177.538628152652
0.7171686758446986,0.018046853853261435,0.800936845828798,3.210811419939574e-05,3.210808993232861e-05,2.0636606591302796e-07,2177.5612894734877
0.7353173487842731,0.01814867293957456,0.8009308665908599,3.2015423094397236e-05,3.2015398401238755e-05,2.105499751575087e-07,2177.598332331614
0.7535684833915908,0.018251134607317643,0.8009249176654798,3.1922985921388343e-05,3.1922960807277066e-05,2.1471142192999357e-07,2177.6497494405803
0.7719227262961497,0.018354242904558893,0.8009189991671495,3.183080228732007e-05,3.1830776757358173e-05,2.1885050242320495e-07,2177.715533396734
0.7903807281984323,0.01845800190228264,0.8009131112381163,3.1738871797555445e-05,3.1738845856811494e-05,2.2296733793906344e-07,2177.795676680066
0.8089431438925861,0.018562415694153844,0.8009072539963413,3.1647194055879e-05,3.16471677093844e-05,2.270620311248058e-07,2177.890171653703
0.8276106322894645,0.018667488396878373,0.8009014275667248,3.1555768664505126e-05,3.1555741917260014e-05,2.311346868111283e-07,2177.9990105647958
0.8463838564396697,0.018773224150205214,0.8008956320811056,3.146459522408679e-05,3.146456808105192e-05,2.351854290451281e-07,2178.1221855439717
0.8652634835565967,0.018879627116926923,0.8008898676678533,3.137367333372515e-05,3.137364579983245e-05,2.3921433886567444e-07,2178.2596886062215
0.8842501850395954,0.018986701482998747,0.8008841344345208,3.128300259097876e-05,3.12829746711208e-05,2.4322154664195624e-07,2178.4115116504677
0.9033446364974625,0.019094451457867145,0.800878432512947,3.119258259187211e-05,3.1192554290908564e-05,2.4720715296538165e-07,2178.5776464602404
0.9225475177717267,0.019202881274264172,0.8008727620176237,3.11024129309056e-05,3.1102384253661626e-05,2.51171265880423e-07,2178.7580847036647
0.9418595129602206,0.019311995188493913,0.8008671230630426,3.10124932010646e-05,3.1012464152331133e-05,2.551139928181982e-07,2178.9528179337303
0.9612813104407361,0.019421797480515424,0.8008615157775734,3.0922822993828875e-05,3.092279357836295e-05,2.590354393845973e-07,2179.1618375885164
0.9808136028945922,0.019532292453856126,0.8008559402652993,3.083340189918288e-05,3.083337212170804e-05,2.629357089211629e-07,2179.3851349914235
1.0004570873305785,0.01964348443598629,0.8008503966441816,3.0744229505624875e-05,3.074419937083139e-05,2.668149037831814e-07,2179.6227013514113
1.0202124651088114,0.019755377778232885,0.8008448850252425,3.0655305400176946e-05,3.065527491272165e-05,2.7067312582061387e-07,2179.874527763208
1.0400804419647574,0.01986797685594599,0.8008394055125656,3.056662916839491e-05,3.056659833290034e-05,2.7451048059274697e-07,2180.140605207587
1.0600617280334235,0.019981286068666115,0.8008339582310509,3.0478200394377973e-05,3.0478169215432656e-05,2.7832707074928343e-07,2180.420924551612
1.080157037873371,0.02009530983994745,0.8008285432709039,3.0390018660779636e-05,3.038998714293697e-05,2.8212301822755337e-07,2180.7154765489886
1.1003670904912413,0.020210052617870344,0.8008231607570249,3.0302083548817013e-05,3.030205169659916e-05,2.858984177875289e-07,2181.024251840314
1.120692609365931,0.020325518874689807,0.8008178107657415,3.0214394638282074e-05,3.021436245618029e-05,2.8965335690299186e-07,2181.347240953265
1.14113432247346,0.020441713107528958,0.8008124934358318,3.012695150755051e-05,3.0126919000021047e-05,2.933879395533228e-07,2181.684434302813
1.1616929623111305,0.020558639837670478,0.8008072088436236,3.00397537335941e-05,3.0039720905058114e-05,2.971022845945374e-07,2182.0358221917163
1.18236926592256,0.02067630361142947,0.8008019570862612,2.9952800891989914e-05,2.9952767746837544e-05,3.0079649419549635e-07,2182.4013948108695
1.2031639749225354,0.020794708999975375,0.800796738288645,2.986609255693077e-05,2.9866059099522295e-05,3.044706450257847e-07,2182.781142239348
1.2240778355215869,0.020913860599051537,0.8007915525132248,2.9779628301237356e-05,2.9779594535896355e-05,3.081248519818144e-07,2183.1750544447045
1.2451115985514543,0.02103376302986737,0.8007863998779619,2.9693407696367218e-05,2.969337362738514e-05,3.117592332915757e-07,2183.583121283723
1.2662660194899136,0.021154420938459317,0.8007812804800007,2.960743031242678e-05,2.960739594406674e-05,3.1537385493330405e-07,2184.0053325023
1.2875418584859548,0.02127583899604124,0.8007761944026082,2.9521695718182548e-05,2.9521661054670673e-05,3.189688384272411e-07,2184.4416777357856
1.3089398803852244,0.021398021899269537,0.8007711417290508,2.9436203481071596e-05,2.9436168526603555e-05,3.22544285284793e-07,2184.8921465097
1.3304608547555534,0.02152097437032907,0.8007661225495344,2.9350953167212332e-05,2.9350917925955043e-05,3.2610026923158835e-07,2185.356728239729
1.352105555912477,0.02164470115692363,0.8007611369681422,2.926594434141575e-05,2.9265908817501986e-05,3.29636907538841e-07,2185.83541223216
1.3738747629446457,0.02176920703216867,0.8007561850681411,2.9181176567197546e-05,2.918114076472718e-05,3.3315430430367305e-07,2186.3281876842184
1.3957692597395979,0.021894496794952145,0.800751266911981,2.909664940678932e-05,2.909661332983005e-05,3.366525592416923e-07,2186.8350436844676
1.417789835009901,0.0220205752703031,0.8007463825968064,2.901236242114887e-05,2.9012326073738793e-05,3.401317567453779e-07,2187.3559692132058
1.4399372823189036,0.022147447309002644,0.8007415322128231,2.8928315169972384e-05,2.892827855611813e-05,3.4359199287495083e-07,2187.8909531427676
1.462212400106661,0.02227511778775737,0.8007367158155421,2.884450721170653e-05,2.884447033538318e-05,3.4703336741961026e-07,2188.439984237938
1.484615991716424,0.02240359160976313,0.8007319335090468,2.8760938103558785e-05,2.8760900968710573e-05,3.5045597589986423e-07,2189.003051156347
1.5071488654205374,0.022532873704113277,0.8007271853488485,2.8677607401510507e-05,2.8677570012050784e-05,3.5385991424834214e-07,2189.580142448822
1.5298118344470957,0.02266296902655829,0.8007224714320915,2.8594514660327635e-05,2.8594477020138943e-05,3.5724527752434994e-07,2190.1712465598075
1.5526057170060996,0.022793882559003942,0.8007177918004094,2.8511659433573643e-05,2.8511621546507796e-05,3.606121603554209e-07,2190.7763518277425
1.5755313363164785,0.022925619310378842,0.8007131465440076,2.8429041273619832e-05,2.842900314349802e-05,3.639606576683392e-07,2191.3954464854974
1.5985895206325105,0.023058184316032015,0.8007085357322752,2.8346659731658266e-05,2.834662136227101e-05,3.6729086395324485e-07,2192.0285186607475
1.621781103270618,0.0231915826381075,0.800703959434601,2.8264514357713742e-05,2.8264475752821672e-05,3.70602869147021e-07,2192.675556376429
1.6451069226362474,0.023325819365629386,0.8006994177064963,2.818260470065594e-05,2.8182565863989366e-05,3.738967697612653e-07,2193.336547551154
1.6685678222510327,0.02346089961478537,0.8006949106312278,2.8100930308211023e-05,2.8100891243468934e-05,3.771726670915025e-07,2194.0114799996013
1.6921646507796397,0.023596828528607006,0.8006904382504287,2.801949072697472e-05,2.8019451437826856e-05,3.804306507949108e-07,2194.700341432996
1.7158982620573018,0.023733611277662048,0.800686000640427,2.7938285502423514e-05,2.793824599251078e-05,3.8367080760929384e-07,2195.403119459533
1.7397695151169301,0.02387125305962834,0.8006815978428561,2.7857314178927687e-05,2.7857274451862052e-05,3.868932240516565e-07,2196.119801584802
1.763779274216823,0.02400975909989289,0.8006772299409826,2.777657629976276e-05,2.777653635912614e-05,3.900979908880669e-07,2196.8503752121956
1.787928408867837,0.024149134651014093,0.8006728969764398,2.769607140712317e-05,2.7696031256466965e-05,3.9328519995422825e-07,2197.5948276433887
1.8122177938612631,0.024289384993426033,0.8006685989908613,2.7615799042133927e-05,2.761575868497878e-05,3.9645496127927685e-07,2198.3531460789195
1.836648309296793,0.024430515435529765,0.8006643360744525,2.753575874486256e-05,2.753571818470116e-05,3.996073574647886e-07,2199.125317618521
1.8612208406098298,0.02457253131303694,0.8006601082410914,2.7455950054333436e-05,2.745590929463583e-05,4.027424371051451e-07,2199.911329261689
1.8859362786000449,0.024715437990215028,0.8006559155462889,2.737637250853852e-05,2.7376331552735377e-05,4.058603689803712e-07,2200.7111679079208
1.910795519459388,0.0248592408593431,0.800651758066373,2.7297025644450305e-05,2.7296984495946955e-05,4.0896118793181337e-07,2201.5248203572405
1.9357994647998562,0.025003945340468237,0.8006476358221604,2.7217908998035866e-05,2.7217867660213202e-05,4.1204497121782607e-07,2202.3522733111377
1.9609490216822043,0.0251495568823481,0.8006435488483454,2.7139022104268396e-05,2.7138980580478707e-05,4.15111820786493e-07,2203.193513372615
1.9862451026445342,0.025296080962329937,0.8006394972143172,2.706036449713938e-05,2.706032279069997e-05,4.181618652136694e-07,2204.0485270465847
2.011688625730421,0.025443523085886932,0.8006354809478311,2.6981935709672788e-05,2.69818938238775e-05,4.211951513617057e-07,2204.917300740642
2.037280514517778,0.025591888787356964,0.8006315000835817,2.6903735273937218e-05,2.6903693212049845e-05,4.242117711104663e-07,2205.799820765384
2.0630216981477023,0.02574118362992417,0.8006275546840191,2.682576272105851e-05,2.6825720486317642e-05,4.272118042108373e-07,2206.6960733352016
2.0889131113529578,0.025891413205255454,0.8006236447422044,2.674801758123391e-05,2.6747975176850112e-05,4.3019534176252136e-07,2207.6060445684643
2.1149556944876617,0.026042583134703978,0.8006197703275264,2.6670499383742838e-05,2.667045681289786e-05,4.3316247701921095e-07,2208.529720488127
2.1411503935558294,0.026194699068167626,0.8006159314816186,2.6593207656961655e-05,2.659316492280865e-05,4.3611330109042264e-07,2209.4670870222485
2.1674981602404433,0.026347766684613916,0.8006121281906031,2.6516141928377022e-05,2.6516099034041267e-05,4.390479006992498e-07,2210.41813000452
2.193999951933525,0.026501791693081866,0.8006083605099912,2.643930172459678e-05,2.6439258673177796e-05,4.4196635118559887e-07,2211.382835174842
2.220656731765159,0.026656779831633948,0.8006046284675383,2.6362686571364275e-05,2.6362643365934843e-05,4.448687328842202e-07,2212.3611881797733
2.2474694686330534,0.026812736867894316,0.8006009321048779,2.6286295993571476e-05,2.628625263717657e-05,4.4775513473106764e-07,2213.3531745730784
2.2744391372319583,0.026969668598904928,0.80059727142201,2.6210129515272786e-05,2.6210086010930716e-05,4.5062564030411015e-07,2214.3587798162757
2.3015667180838646,0.027127580851906252,0.8005936464328123,2.613418665969702e-05,2.613414301039947e-05,4.534803330145151e-07,2215.377989279185
2.3288531975680677,0.027286479484203152,0.800590057192796,2.6058466949260224e-05,2.60584231579722e-05,4.5631929580243283e-07,2216.4107882404273
2.3562995679506096,0.02744637038254183,0.8005865036880833,2.598296990558035e-05,2.5982925975240393e-05,4.591426116472472e-07,2217.457161888005
2.383906827414987,0.027607259464377254,0.8005829859880631,2.590769504948901e-05,2.590765098300914e-05,4.6195036327320605e-07,2218.5170953198326
2.4116759800915206,0.027769152676533793,0.8005795040233465,2.5832641901047103e-05,2.583259770131357e-05,4.647426297639139e-07,2219.5905735442716
2.439608036089209,0.027932055997688554,0.8005760578772003,2.5757809979553956e-05,2.5757765649427215e-05,4.675194935197863e-07,2220.6775814807625
2.4677040115250324,0.028095975435823206,0.8005726475496244,2.5683198803563934e-05,2.5683154345876914e-05,4.7028104550806167e-07,2221.7781039602564
2.495964928554782,0.02826091702974942,0.8005692730544967,2.5608807890899002e-05,2.560876330845965e-05,4.7302736917914115e-07,2222.892125725923
2.5243918154037384,0.028426886848956556,0.8005659343501836,2.5534636758662203e-05,2.553459205425107e-05,4.7575853754233747e-07,2224.019631433414
2.5529857063984305,0.028593890994692117,0.8005626315199521,2.5460684923248506e-05,2.5460640099629565e-05,4.78474579771952e-07,2225.1606056519963
2.5817476419962637,0.028761935597833244,0.8005593645221687,2.5386951900361683e-05,2.538690696026038e-05,4.811756864477607e-07,2226.315032864573
2.6106786688174575,0.02893102682119375,0.8005561333568334,2.5313437205025377e-05,2.531339215114821e-05,4.83861850308086e-07,2227.4828974682227
2.6397798396763417,0.029101170858884196,0.8005529380933352,2.5240140351596195e-05,2.5240095186630343e-05,4.865331420463556e-07,2228.664183775552
2.669052213611477,0.029272373935135487,0.8005497786345295,2.5167060853780102e-05,2.516701558037623e-05,4.891897269638571e-07,2229.858876014306
2.6984968559188935,0.02944464230741639,0.8005466550498053,2.5094198224641265e-05,2.509415284543074e-05,4.918316144811475e-07,2231.066958328338
2.72811483818239,0.029617982263496323,0.8005435672975292,2.50215519766185e-05,2.5021506494212568e-05,4.944588668033318e-07,2232.288414778515
2.757907238305957,0.02979240012356721,0.8005405154193346,2.4949121621536912e-05,2.494907603851619e-05,4.970716116476457e-07,2233.523229342846
2.7878751405447533,0.029967902238796196,0.8005374993597103,2.487690667062316e-05,2.4876860989543567e-05,4.99669929343923e-07,2234.771385917229
2.818019635537975,0.030144494993221915,0.8005345191602897,2.4804906634516623e-05,2.4804860857911887e-05,5.022538595075746e-07,2236.032868315913
2.848341820340012,0.030322184802036745,0.8005315747378061,2.473312102328485e-05,2.4733075153667162e-05,5.048234753932143e-07,2237.3076602724623
2.8788427984540426,0.03050097811403063,0.8005286662032818,2.4661549346433543e-05,2.466150338628903e-05,5.073788715008036e-07,2238.595745440014
2.9095236798620445,0.03068088140800196,0.8005257934179388,2.459019111292533e-05,2.4590145064711484e-05,5.099201528204516e-07,2239.8971073918283
2.9403855810596458,0.030861901197601238,0.8005229564511662,2.451904583118735e-05,2.451899969734452e-05,5.124473580353372e-07,2241.211729622274
2.9714296250871026,0.031044044027456863,0.800520155233575,2.4448113009128284e-05,2.4448066792069695e-05,5.149605688393191e-07,2242.5395955468484
3.0026569415630346,0.03122731647593202,0.8005173898067985,2.4377392154149208e-05,2.43773458562663e-05,5.17459855160396e-07,2243.880688503357
3.0340686667161054,0.03141172515307078,0.8005146600875701,2.4306882773159528e-05,2.4306836396820622e-05,5.199452929812216e-07,2245.234991752197
3.0656659434192304,0.031597276703124955,0.8005119661175231,2.423658437258726e-05,2.4236537920137107e-05,5.224169594914846e-07,2246.602488477031
3.0974499212214384,0.031783977802207986,0.800509307855024,2.4166496458395067e-05,2.416644993215496e-05,5.248749310565629e-07,2247.98316178536
3.129421756381457,0.03197183516001845,0.8005066852584397,2.4096618536092605e-05,2.4096571938360717e-05,5.273192824619083e-07,2249.3769947091573
3.1615826119014034,0.03216085551994663,0.8005040983138922,2.4026950110748906e-05,2.402690344380064e-05,5.297500864322549e-07,2250.7839702054966
3.1939336575600272,0.03235104565862379,0.8005015470075039,2.3957490687006057e-05,2.39574439530943e-05,5.321674147306534e-07,2252.2040711571476
3.2264760699460378,0.03254241238601052,0.8004990312837634,2.3888239769092925e-05,2.3888192970448203e-05,5.345713391495762e-07,2253.637280373176
3.2592110324923786,0.032734962546340896,0.8004965511426709,2.3819196860837158e-05,2.3819149999665053e-05,5.369619547384819e-07,2255.0835805896045
3.292139735509473,0.032928703017094385,0.800494106542593,2.375036146567954e-05,2.3750314544170442e-05,5.393392671202933e-07,2256.5429544699123
3.3252633762194113,0.03312364070993823,0.8004916974696519,2.368173308668668e-05,2.368168610700112e-05,5.417034210771644e-07,2258.0153846058365
3.3585831587896666,0.03331978257025536,0.8004893238683364,2.3613311226564908e-05,2.361326419084679e-05,5.440544441053327e-07,2259.5008535178213
3.392100294367772,0.03351713557810543,0.8004869857108909,2.3545095387672403e-05,2.3545048298040608e-05,5.463924103327824e-07,2260.9993436555164
3.425816001115524,0.03371570674775182,0.8004846829418044,2.3477085072032578e-05,2.3477037930586456e-05,5.487174292145961e-07,2262.5108373991557
3.4597315042438717,0.03391550312834779,0.800482415547199,2.340927978134633e-05,2.3409232590167282e-05,5.510294814386387e-07,2264.0353170587823
3.493848036047032,0.03411653180316021,0.8004801835131969,2.3341679017006077e-05,2.334163177814167e-05,5.533287665342228e-07,2265.5727648762686
3.5281668359366876,0.03431879988965569,0.8004779867287759,2.327428228010982e-05,2.327423499559877e-05,5.55615246593445e-07,2267.1231630251327
3.562689150478371,0.03452231454168331,0.8004758252216915,2.3207089071471122e-05,2.320704174332753e-05,5.578890085307242e-07,2268.6864936113466
3.5974162334249793,0.03472708294660842,0.8004736988947991,2.314009889163504e-05,2.3140051521846653e-05,5.601501947338211e-07,2270.262738674243
3.6323493457530773,0.03493311232809804,0.8004716077480989,2.3073311240888738e-05,2.307326383143084e-05,5.623987784130378e-07,2271.851880186536
3.667489755697202,0.035140409944124595,0.8004695517260796,2.300672561927629e-05,2.3006678172100077e-05,5.646348536659741e-07,2273.453900055424
3.7028387387854704,0.035348983088268504,0.8004675307177189,2.2940341526611053e-05,2.294029404364154e-05,5.668585519093982e-07,2275.068780123207
3.738397577876529,0.03555883909105839,0.8004655447924058,2.287415846248596e-05,2.2874110945635804e-05,5.690698696007759e-07,2276.6965021676942
3.774167563192618,0.035769985316089326,0.8004635937974847,2.280817592629116e-05,2.2808128377452192e-05,5.712688675615505e-07,2278.337047902803
3.810149992357657,0.0359824291650388,0.8004616777051998,2.2742393417222526e-05,2.2742345838259753e-05,5.734556580435397e-07,2279.990398979324
3.846346170432674,0.03619617807501685,0.8004597965016735,2.267681043429535e-05,2.267676282705751e-05,5.756303122700605e-07,2281.6565369858768
3.8827574099510156,0.0364112395183418,0.8004579500897613,2.261142647635869e-05,2.2611378842676418e-05,5.777928604163399e-07,2283.335443448741
3.9193850309555387,0.0366276210045231,0.8004561384417075,2.2546241042106187e-05,2.2546193383790068e-05,5.799433651486776e-07,2285.027099833041
3.9562303610343434,0.03684533007880475,0.8004543614881232,2.2481253630089835e-05,2.248120594892983e-05,5.820819013408672e-07,2286.731487543277
3.993294735357558,0.03706437432321463,0.8004526191457417,2.241646373873203e-05,2.2416416036495754e-05,5.842085520704382e-07,2288.4485879238687
4.030579496714565,0.03728476135700687,0.800450911414563,2.235187086633707e-05,2.2351823144772626e-05,5.863233894046264e-07,2290.1783822599496
4.068085995549399,0.03750649883483437,0.8004492381974426,2.228747451110606e-05,2.2287426771949078e-05,5.884264480817311e-07,2291.9208517779725
4.105815589998511,0.037729594449111836,0.8004475993833582,2.2223274171147852e-05,2.2223226416109955e-05,5.905178021414318e-07,2293.675977645827
4.1437696459289866,0.037954055930475405,0.8004459950000653,2.2159269344489514e-05,2.2159221575264097e-05,5.925975131117091e-07,2295.443740974163
4.181949536973608,0.038179891044621606,0.8004444249504195,2.209545952909231e-05,2.2095411747356894e-05,5.946656035037949e-07,2297.224122816542
4.220356644568956,0.038407107595348045,0.8004428891233983,2.2031844222862678e-05,2.203179643026531e-05,5.967222725231518e-07,2299.017104170654
4.258992357993982,0.03863571342502592,0.8004413875328797,2.1968422923662715e-05,2.196837512184517e-05,5.987674006366947e-07,2300.8226659776806
4.297858074405694,0.03886571641171166,0.8004399200123302,2.1905195129325578e-05,2.1905147319907373e-05,6.008012129564282e-07,2302.64078912519
4.336955198879302,0.03909712447360825,0.8004384865895053,2.18421603376638e-05,2.1842112522240927e-05,6.028236404375323e-07,2304.47145444422
4.37628514444378,0.039329945564477775,0.8004370871256272,2.1779318046485174e-05,2.1779270226646743e-05,6.048348524635425e-07,2306.3146427146276
4.415849332121579,0.03956418767779901,0.8004357215651847,2.1716667753602192e-05,2.171661993090741e-05,6.068348060630139e-07,2308.170334660227
4.455649190966444,0.03979985884486492,0.8004343898665445,2.165420895684465e-05,2.1654161132841448e-05,6.08823684033937e-07,2310.038510954972
4.495686158100982,0.040036967134538415,0.8004330919048064,2.1591941154072885e-05,2.1591893330292675e-05,6.108014036618994e-07,2311.9191522186434
4.535961678756421,0.040275520655439045,0.8004318276105815,2.1529863843187683e-05,2.1529816021132573e-05,6.12768189156097e-07,2313.812239021115
4.576477206311117,0.04051552755469601,0.8004305969699921,2.1467976522142343e-05,2.1467928703316096e-05,6.147239416792058e-07,2315.717751881127
4.617234202327764,0.04075699601664695,0.8004293998442602,2.1406278688956957e-05,2.1406230874821805e-05,6.166688441960851e-07,2317.6356712666666
4.658234136593872,0.04099993426610826,0.8004282361501192,2.1344769841727747e-05,2.134472203375381e-05,6.18602894802979e-07,2319.565977597894
4.699478487160982,0.0412443505671094,0.8004271058459356,2.1283449478638587e-05,2.1283401678264173e-05,6.205261250881978e-07,2321.508651243973
4.740968740382922,0.04149025322193989,0.8004260088345649,2.1222317097974144e-05,2.1222269306617006e-05,6.22438701520789e-07,2323.463672527402
4.782706390955609,0.041737650572687635,0.8004249449911072,2.1161372198130795e-05,2.1161324417207277e-05,6.243405736811663e-07,2325.431021722626
4.824692941957706,0.04198655100209692,0.8004239143016845,2.1100614277626508e-05,2.1100566508522064e-05,6.26231824872555e-07,2327.4106790562673
4.866929904888509,0.04223696293080259,0.8004229166552745,2.1040042835114994e-05,2.1039995079199462e-05,6.281125839504697e-07,2329.4026247096976
4.909418799708478,0.04248889481996887,0.8004219519408551,2.0979657369396023e-05,2.0979609628034323e-05,6.299828269219461e-07,2331.406838818014
4.952161154879918,0.042742355171440316,0.8004210201167927,2.0919457379425862e-05,2.091940965395808e-05,6.318426120668398e-07,2333.4233014704873
4.995158507405936,0.042997352526017885,0.8004201210304318,2.085944236433015e-05,2.0859394656068677e-05,6.336920664252765e-07,2335.4519927120523
5.038412402872492,0.043253895466556,0.8004192546540168,2.0799611823412746e-05,2.07995641336781e-05,6.355312007818256e-07,2337.49289254498
5.081924395487228,0.04351199261473582,0.800418420890403,2.0739965256169152e-05,2.07399175862532e-05,6.37360061532717e-07,2339.545980926145
5.125696048120278,0.04377165263305027,0.8004176196285684,2.0680502162297254e-05,2.0680454513475852e-05,6.391787030129728e-07,2341.611237770385
5.169728932345591,0.04403288422531304,0.8004168507713683,2.062122204170765e-05,2.0621174415236022e-05,6.409872094580423e-07,2343.6886429502442
5.214024628482015,0.044295696136424034,0.8004161142216581,2.0562124394534387e-05,2.056207679165449e-05,6.427856498440531e-07,2345.778176296987
5.258584725634516,0.044560097152500866,0.8004154099239269,2.0503208721145653e-05,2.0503161143102097e-05,6.445740178513974e-07,2347.8798176012783
5.303410821734363,0.04482609609984678,0.8004147377532744,2.0444474522156086e-05,2.044442697014195e-05,6.463524631295087e-07,2349.9935466111424
5.34850452358137,0.04509370184700767,0.8004140976125562,2.0385921298436377e-05,2.0385873773663855e-05,6.481208907761064e-07,2352.119343037284
5.393867446885511,0.0453629233041406,0.8004134894185055,2.0327548551123894e-05,2.032750105477604e-05,6.498795432919841e-07,2354.2571865506147
5.4395012163082646,0.045633769422753545,0.8004129130462223,2.0269355781633848e-05,2.026930831486404e-05,6.516283249603697e-07,2356.407056780942
5.485407465505284,0.04590624919701902,0.8004123684679509,2.0211342491668805e-05,2.0211295055657556e-05,6.533673472185792e-07,2358.568933324877
5.531587837166418,0.04618037166113442,0.8004118554894024,2.015350818323178e-05,2.015346077908929e-05,6.550966900333834e-07,2360.742795735372
5.5780439830606445,0.04645614589422653,0.8004113740689434,2.009585235863319e-05,2.0095804987508922e-05,6.568163278907891e-07,2362.9286235343316
5.624777564076758,0.046733581016113135,0.8004109240955515,2.0038374520503332e-05,2.0038327183481002e-05,6.585264305374143e-07,2365.1263962023677
5.671790250266188,0.04701268618943022,0.8004105054443267,1.9981074171802357e-05,1.9981026870000258e-05,6.602269136102321e-07,2367.336093188523
5.719083720886372,0.04729347062018441,0.8004101180597578,1.992395081582959e-05,1.9923903550304078e-05,6.619179728408942e-07,2369.557693902849
5.766659664442227,0.04757594355585493,0.800409761803067,1.986700395623546e-05,1.986695672807628e-05,6.635995248673025e-07,2371.7911777244667
5.8145197787302045,0.04786011428797732,0.8004094365493541,1.9810233097030212e-05,1.9810185907263628e-05,6.652717376402941e-07,2374.036523994408
5.862665770882105,0.048145992151900074,0.8004091422431081,1.9753637742593288e-05,1.9753590592282767e-05,6.669345804841741e-07,2376.2937120248735
5.91109935740695,0.04843358652484575,0.8004088787316732,1.9697217397684982e-05,1.9697170287826437e-05,6.685881435026426e-07,2378.5627210896737
5.959822264235913,0.04872290682896274,0.8004086459595383,1.9640971567454674e-05,1.9640924499085283e-05,6.702324868498571e-07,2380.8435304365876
6.008836226764457,0.04901396252854351,0.80040844376017,1.9584899757452433e-05,1.958485273156018e-05,6.718675898005927e-07,2383.1361192755553
6.0581429898979895,0.04930676313353288,0.800408272078057,1.9529001473636645e-05,1.9528954491192068e-05,6.734936336318495e-07,2385.440466788638
6.107744308094285,0.0496013181962951,0.8004081307882993,1.9473276222385546e-05,1.947322928437717e-05,6.751105488572178e-07,2387.7565521275187
6.157641945408157,0.04989763731387242,0.8004080197243635,1.9417723510506237e-05,1.941767661787282e-05,6.767184202420741e-07,2390.084354410756
6.207837675537607,0.05019573012944978,0.8004079388723717,1.936234284524221e-05,1.9362295998932415e-05,6.783173583209185e-07,2392.4238527311513
6.258333281865353,0.05049560632774597,0.8004078880519128,1.9307133734286154e-05,1.9307086935239572e-05,6.799073206718225e-07,2394.7750261501665
6.3091305575057035,0.05079727564035075,0.8004078671658421,1.9252095685786922e-05,1.9252048934908027e-05,6.81488387712955e-07,2397.1378537001165
6.360231305348993,0.05110074784328944,0.8004078761170152,1.91972282083593e-05,1.9197181506548235e-05,6.830606691741593e-07,2399.5123143874125
6.411637338106148,0.05140603275715527,0.8004079147805321,1.914253081109378e-05,1.9142484159256002e-05,6.846241426129264e-07,2401.8983871906953
6.463350478354293,0.051713140248144995,0.8004079830592481,1.9088003003565306e-05,1.908795640257673e-05,6.86178850981089e-07,2404.29605106009
6.515372558581614,0.0520220802273208,0.8004080807588743,1.9033644295842883e-05,1.9033597746547574e-05,6.877249249986784e-07,2406.7052849198562
6.567705421235542,0.05233286265392767,0.8004082079071662,1.8979454198495877e-05,1.8979407701762242e-05,6.892622742479795e-07,2409.1260676703437
6.62035091876386,0.05264549752831815,0.8004083642543236,1.8925432222607798e-05,1.892538577930012e-05,6.90791094421401e-07,2411.5583781868268
6.673310913665018,0.052959994901158325,0.8004085497170799,1.8871577879780574e-05,1.8871531490688462e-05,6.923113812993181e-07,2414.002195314254
6.726587278533187,0.05327636486816889,0.8004087642676794,1.8817890682144483e-05,1.881784434810485e-05,6.938230880340981e-07,2416.4574978804194
6.780181896101581,0.05359461756839412,0.800409007656322,1.8764370142369813e-05,1.8764323864197015e-05,6.953264343012965e-07,2418.9242646869907
6.834096659293335,0.053914763191754034,0.8004092798830076,1.8711015773671053e-05,1.871096955212477e-05,6.968213418710662e-07,2421.4024745085158
6.888333471264205,0.0542368119708696,0.8004095807256917,1.8657827089819377e-05,1.8657780925724017e-05,6.983078492106749e-07,2423.8921061047827
6.94289424545288,0.05456077418867533,0.8004099101011075,1.8604803605147687e-05,1.8604757499236422e-05,6.997861358994438e-07,2426.393138205144
6.997780905626808,0.05488666017392774,0.8004102678982328,1.8551944834560202e-05,1.8551898787602614e-05,7.01256056252425e-07,2428.90554952268
7.0529953859290995,0.05521448030229159,0.8004106540338007,1.8499250293541058e-05,1.849920430629201e-05,7.027178505330045e-07,2431.4293187490066
7.108539630924631,0.05554424499553168,0.800411068341278,1.8446719498163772e-05,1.8446673571327003e-05,7.041714102478042e-07,2433.9644245503955
7.164415595649177,0.05587596472454592,0.800411510654131,1.8394351965097896e-05,1.8394306099445806e-05,7.056168684032772e-07,2436.5108455819122
7.2206252456587565,0.05620965000957945,0.8004119809723598,1.8342147211615624e-05,1.8342101407810282e-05,7.070542267265253e-07,2439.0685604674063
7.277170557073319,0.05654531141456243,0.8004124790461642,1.8290104755603778e-05,1.8290059014394448e-05,7.084835598558299e-07,2441.6375478238597
7.33405351662934,0.056882959556021184,0.8004130048200331,1.8238224115567627e-05,1.823817843759539e-05,7.099048862790272e-07,2444.217786237579
7.391276121725783,0.057222605096442614,0.8004135581551886,1.8186504810640875e-05,1.8186459196632177e-05,7.113182826951245e-07,2446.8092542887453
7.448840380473148,0.05756425874736504,0.8004141389406083,1.8134946360593012e-05,1.8134900811179447e-05,7.127237337761028e-07,2449.411930528417
7.506748311741715,0.0579079312685673,0.80041474706527,1.808354828583735e-05,1.80835028016997e-05,7.141213847358839e-07,2452.0257935002464
7.565001945209943,0.05825363346822776,0.8004153823348847,1.803231010743911e-05,1.8032264689222254e-05,7.155111413689369e-07,2454.650821724358
7.623603321416073,0.058601376206130595,0.8004160446939412,1.798123134712075e-05,1.7981185995439678e-05,7.168932030181098e-07,2457.2869937071723
7.682554491804883,0.05895117038880926,0.8004167339481505,1.7930311527271623e-05,1.7930266242784746e-05,7.18267482896555e-07,2459.934287941704
7.741857518779673,0.059303026974790285,0.8004174500420014,1.787955017095324e-05,1.787950495423693e-05,7.196340828443829e-07,2462.5926828995894
7.801514475749345,0.05965695696967188,0.8004181928644716,1.7828946801908772e-05,1.7828901653602475e-05,7.209930654101502e-07,2465.262157046049
7.861527447177657,0.06001297142831241,0.8004189621657609,1.7778500944570793e-05,1.777845586527028e-05,7.223443947761382e-07,2467.9426888247995
7.921898528637879,0.06037108146022163,0.8004197579181138,1.7728212124064554e-05,1.7728167114318593e-05,7.236881998861874e-07,2470.6342566667936
7.982629826859341,0.06073129822146228,0.800420580010508,1.767807986621819e-05,1.767803492664221e-05,7.250245049785913e-07,2473.336838995616
8.043723459777237,0.06109363291789549,0.8004214282486544,1.762810369757027e-05,1.7628058828691157e-05,7.263532877580425e-07,2476.0504142122013
8.105181556585785,0.061458096808548746,0.8004223025215307,1.7578283145374616e-05,1.757823834778911e-05,7.276745930114255e-07,2478.774960715014
8.167006257788438,0.06182470120265293,0.8004232027458702,1.7528617737607705e-05,1.752857301187083e-05,7.289885832629387e-07,2481.510456884631
8.229199715247178,0.06219345745873994,0.8004241286718727,1.7479107002976842e-05,1.7479062349579167e-05,7.302952309967208e-07,2484.2568810872594
8.291764092238465,0.06256437699128625,0.8004250802995383,1.7429750470923136e-05,1.7429705890389156e-05,7.315944993155967e-07,2487.0142116839374
8.35470156349968,0.06293747126121474,0.800426057490089,1.738054767163211e-05,1.7380503164551955e-05,7.328865021690137e-07,2489.782427027882
8.418014315281114,0.06331275178143514,0.8004270600492358,1.733149813603998e-05,1.733145370285761e-05,7.34171346951318e-07,2492.561505449222
8.481704545400358,0.0636902301192439,0.8004280878659564,1.728260139583806e-05,1.7282557037043436e-05,7.354489224803201e-07,2495.35142527828
8.545774463293629,0.06406991789327066,0.800429140801473,1.7233856983479825e-05,1.7233812699636967e-05,7.367193619587434e-07,2498.152164839393
8.61022629006839,0.06445182677476069,0.8004302187725187,1.7185264432186938e-05,1.718522022370651e-05,7.379827384940176e-07,2500.963702433883
8.67506225855393,0.06483596848554107,0.8004313215570491,1.713682327595693e-05,1.7136779143343603e-05,7.392389516983615e-07,2503.7860163680757
8.740284613357733,0.06522235480380267,0.8004324491828196,1.7088533049566607e-05,1.7088488993288142e-05,7.404882341221031e-07,2506.619084934771
8.805895610911922,0.06561099755418809,0.800433601344519,1.704039328858293e-05,1.7040349309051498e-05,7.417304612372672e-07,2509.4628864152296
8.871897519533436,0.066001908621514,0.8004347779588805,1.699240352936382e-05,1.6992359627098008e-05,7.429657389465929e-07,2512.3173990948912
8.93829261947542,0.06639509994198534,0.800435978970393,1.6944563309065445e-05,1.6944519484432707e-05,7.441941279537994e-07,2515.1826012365923
9.0050832029776,0.06679058350217915,0.800437204212523,1.689687216565052e-05,1.6896828419141776e-05,7.454155865729018e-07,2518.0584711123456
9.072271574321414,0.06718837134381417,0.8004384534077147,1.6849329637892937e-05,1.6849285969873244e-05,7.466302756010274e-07,2520.9449869745267
9.139860049890096,0.06758847556868197,0.8004397266669905,1.680193526537922e-05,1.6801891676311107e-05,7.478380855045784e-07,2523.842127081581
9.207850958212635,0.06799090832253896,0.8004410237405502,1.6754688588521342e-05,1.6754645078761396e-05,7.49039210484377e-07,2526.7498696764005
9.276246640023055,0.06839568181042033,0.8004423444618602,1.670758914855885e-05,1.670754571855187e-05,7.502335354526345e-07,2529.6681930064674
9.345049448316473,0.06880280829341778,0.8004436886921429,1.6660636487563308e-05,1.6660593137644743e-05,7.51421234355987e-07,2532.597075305048
9.41426174840421,0.06921230008773627,0.8004450564036425,1.6613830148443593e-05,1.661378687905036e-05,7.52602236756145e-07,2535.536494812299
9.483885917964292,0.06962416956008255,0.8004464473188033,1.6567169674954282e-05,1.6567126486396053e-05,7.537766451409055e-07,2538.486429752061
9.553924347102969,0.07003842913867686,0.8004478614653809,1.652065461169673e-05,1.6520611504400797e-05,7.549444813541738e-07,2541.4468583591165
9.624379438403182,0.07045509130021266,0.8004492985658196,1.6474284504128906e-05,1.647424147841834e-05,7.561057270062404e-07,2544.417758851556
9.69525360698656,0.07087416858337825,0.8004507585646081,1.642805889856636e-05,1.6428015954788098e-05,7.572605423643023e-07,2547.3991094539706
9.766549280565945,0.07129567357938527,0.8004522412952131,1.638197734218952e-05,1.6381934480714263e-05,7.584088088274967e-07,2550.3908883867466
9.838268899502992,0.07171961893704726,0.8004537466188566,1.6336039383047737e-05,1.6335996604187835e-05,7.595507208910278e-07,2553.3930738657627
9.910414916864791,0.07214601736179915,0.8004552744522719,1.629024457006398e-05,1.6290201874120554e-05,7.606861977932694e-07,2556.405644106369
9.982989798478197,0.07257488161340575,0.8004568246566812,1.624459245304119e-05,1.624454984032945e-05,7.618152729379298e-07,2559.4285773250845
10.05599602298685,0.0730062245086529,0.8004583970100398,1.6199082582666832e-05,1.6199040053588334e-05,7.629380061062724e-07,2562.4618517421773
10.12943608191225,0.0734400589253994,0.8004599914568367,1.6153714510515047e-05,1.6153672065324686e-05,7.640545426103774e-07,2565.505445564278
10.20331247970748,0.07387639779522992,0.8004616078305382,1.61084877890536e-05,1.6108445428010793e-05,7.651647940343939e-07,2568.5593370053894
10.277627733816217,0.07431525410873796,0.8004632460478778,1.606340197164742e-05,1.6063359695044412e-05,7.662687695241282e-07,2571.623504282263
10.352384374728125,0.07475664091190737,0.8004649058868107,1.6018456612564472e-05,1.601841442077891e-05,7.673665617346387e-07,2574.697925616005
10.427584946040916,0.07520057131279145,0.8004665872640704,1.59736512669778e-05,1.5973609160206253e-05,7.684582806901746e-07,2577.7825792129725
10.50323200451623,0.0756470584753135,0.80046829009639,1.5928985490971177e-05,1.5928943469463888e-05,7.695438053954854e-07,2580.877443293353
10.579328120135655,0.07609611561942486,0.8004700141062138,1.5884458841544833e-05,1.5884416905653513e-05,7.70623227210313e-07,2583.9824960832984
10.655875876166215,0.07654775603056052,0.8004717593490529,1.584007087661565e-05,1.5840029026532718e-05,7.716966914859796e-07,2587.0977157959214
10.732877869210272,0.07700199304405686,0.800473525519596,1.5795821155026524e-05,1.5795779390977264e-05,7.727640572281806e-07,2590.2230806560146
10.810336709272852,0.07745884006257953,0.8004753125900876,1.5751709236545712e-05,1.575166755886854e-05,7.738254442545848e-07,2593.3585688978774
10.888255019815954,0.07791831054310272,0.8004771203384831,1.570773468187372e-05,1.570769309071908e-05,7.748809356819799e-07,2596.504158740436
10.96663543782245,0.0783804180064962,0.8004789487647823,1.566389705264479e-05,1.5663855548283435e-05,7.759304139300549e-07,2599.6598284231545
11.04548061384943,0.07884517602697905,0.8004807975636741,1.562019591143449e-05,1.5620154494093814e-05,7.769741103126907e-07,2602.825556181652
11.124793212096705,0.07931259824727555,0.8004826667629139,1.5576630821758715e-05,1.5576589491604078e-05,7.780118853664144e-07,2606.0013202519576
11.204575910459232,0.07978269836252672,0.8004845560849461,1.5533201348081866e-05,1.5533160105418308e-05,7.790438590462881e-07,2609.1870988881965
11.284831400594825,0.08025549013559363,0.8004864655297705,1.548990705581658e-05,1.548986590075736e-05,7.800700477990502e-07,2612.382870328625
11.365562387978361,0.08073098738353579,0.8004883948475872,1.5446747511330918e-05,1.5446706444162585e-05,7.81090457806915e-07,2615.588612838111
11.44677159196868,0.08120920399031917,0.8004903439828848,1.540372228194877e-05,1.540368130278186e-05,7.821051771913439e-07,2618.8043046664698
11.528461745866016,0.0816901538973358,0.8004923127691299,1.536083093595538e-05,1.5360790045057768e-05,7.831141655616868e-07,2622.0299240880736
11.610635596975257,0.08217385110924091,0.8004943010953003,1.531807304259983e-05,1.531803224007393e-05,7.841175266225733e-07,2625.265449364771
11.693295906666638,0.08266030969138072,0.8004963087393513,1.5275448172098996e-05,1.5275407458201323e-05,7.851152334076473e-07,2628.510858782734
11.776445450442427,0.08314954377578943,0.8004983357290385,1.5232955895638413e-05,1.5232915270457292e-05,7.861073488187495e-07,2631.766130615982
11.86008701799096,0.08364156754853269,0.8005003817590506,1.5190595785379722e-05,1.519055524916143e-05,7.870939072605234e-07,2635.031243164405
11.944223413258179,0.08413639526721894,0.8005024468571431,1.5148367414459262e-05,1.5148326967272159e-05,7.880749275544605e-07,2638.3061747147667
12.028857454502099,0.08463404124391971,0.8005045307457603,1.5106270356995367e-05,1.5106229999054135e-05,7.890503885828065e-07,2641.590903580103
12.113991974363522,0.08513451986142329,0.8005066333693911,1.5064304188087528e-05,1.5064263919545023e-05,7.900203563483283e-07,2644.8854080692413
12.199629819925358,0.08563784556183585,0.8005087546170131,1.5022468483821375e-05,1.5022428304866436e-05,7.909849260771341e-07,2648.1896665048666
12.285773852775089,0.08614403284973093,0.8005108942943373,1.4980762821272099e-05,1.4980722731983019e-05,7.919441274047229e-07,2651.50365720842
12.37242694907196,0.08665309629687101,0.8005130522625858,1.493918677850565e-05,1.4939146778996528e-05,7.92897909028323e-07,2654.8273585179595
12.459591999611526,0.08716505053956602,0.8005152284662476,1.489773993458131e-05,1.4897700024955112e-05,7.9384628969091e-07,2658.160748777911
12.547271909885914,0.08767991027438882,0.800517422738789,1.4856421869556385e-05,1.4856382050046121e-05,7.94789318261606e-07,2661.5038063501743
12.635469600150351,0.0881976902644368,0.8005196348581656,1.481523216448788e-05,1.4815192435174728e-05,7.957271401506126e-07,2664.8565095895383
12.724188005493097,0.08871840534274611,0.8005218648798884,1.4774170401432806e-05,1.4774130762375049e-05,7.966596876084325e-07,2668.2188368665957
12.813430075890336,0.08924207039723875,0.8005241125264018,1.4733236163455432e-05,1.4733196614741999e-05,7.975869315098573e-07,2671.590766564853
12.903198776279705,0.08976870038936902,0.8005263776311722,1.4692429034625986e-05,1.469238957648144e-05,7.985089564239773e-07,2674.972277084902
12.993497086628084,0.09029831034837876,0.8005286602219552,1.4651748600022174e-05,1.465170923246773e-05,7.994258925507208e-07,2678.3633468176427
13.0843280019887,0.09083091536061616,0.8005309600767063,1.4611194445735512e-05,1.4611155168826875e-05,8.003376119668096e-07,2681.7639541766266
13.175694532572512,0.09136653058381228,0.800533277028892,1.4570766158871288e-05,1.4570726972781106e-05,8.012441617357471e-07,2685.174077592258
13.267599703816837,0.09190517124432418,0.8005356109952455,1.4530463327549838e-05,1.4530424232319692e-05,8.02145724596685e-07,2688.593695491985
13.360046556449515,0.09244685263267804,0.800537961836989,1.4490285540909917e-05,1.449024653657596e-05,8.03042146602061e-07,2692.022786319522
13.453038146556516,0.09299159010700109,0.8005403294708557,1.4450232389110553e-05,1.445019347584695e-05,8.039335080620891e-07,2695.4613285402097
13.546577545646592,0.09353939909007636,0.80054271361929,1.4410303463334237e-05,1.4410264641136371e-05,8.048199396084755e-07,2698.9093006122234
13.640667840727573,0.09409029508098143,0.8005451143655584,1.4370498355785256e-05,1.4370459624706496e-05,8.057012922786912e-07,2702.366681018008
13.73531213436187,0.09464429363429616,0.8005475314043498,1.4330816659696829e-05,1.4330778019880844e-05,8.065777569763475e-07,2705.833448256149
13.830513544745006,0.09520141038313668,0.8005499647079084,1.4291257969328683e-05,1.4291219420723743e-05,8.074492583370264e-07,2709.3095808186204
13.92627520576817,0.09576166102316286,0.8005524140819453,1.4251821879971311e-05,1.4251783422750559e-05,8.083158452298246e-07,2712.7950572358905
14.022600267090874,0.09632506132270535,0.8005548794154382,1.4212507987946128e-05,1.421246962205518e-05,8.091775935883683e-07,2716.289856024238
14.119491894209029,0.09689162711815413,0.8005573605973648,1.417331589060758e-05,1.4173277616174648e-05,8.100344356827729e-07,2719.7939557364784
14.21695326852325,0.09746137431422142,0.8005598575167028,1.4134245186345262e-05,1.4134207003346781e-05,8.108865213587511e-07,2723.3073349200217
14.314987587407465,0.09803431888421521,0.8005623699791631,1.4095295474585865e-05,1.4095257383106772e-05,8.117337383350656e-07,2726.829972149318
14.413598064282905,0.09861047687543945,0.8005648979292346,1.4056466355793117e-05,1.4056428355828847e-05,8.125762580461791e-07,2730.361846002583
14.512787928683935,0.09918986440102984,0.8005674412281394,1.4017757431471025e-05,1.401771952304983e-05,8.13413990388415e-07,2733.9029350772084
14.612560426329248,0.09977249764531315,0.8005699996538329,1.3979168304164982e-05,1.3979130487338641e-05,8.142469607972697e-07,2737.4532179847492
14.712918819198608,0.1003583928693601,0.8005725732063151,1.394069857746088e-05,1.39406608522319e-05,8.150753203941416e-07,2741.012673347598
14.813866385596079,0.10094756639747082,0.800575161691297,1.3902347855989498e-05,1.3902310222374595e-05,8.158990260014872e-07,2744.581279804816
14.915406420225658,0.10154003462957917,0.8005777649977563,1.3864115745426122e-05,1.3864078203439745e-05,8.167180862351934e-07,2748.159016009412
15.017542234262038,0.10213581403638017,0.8005803830424263,1.3826001852492116e-05,1.3825964402145921e-05,8.175325107709526e-07,2751.7458606291057
15.120277155419876,0.10273492115783789,0.8005830156032623,1.3788005784957136e-05,1.3787968426258384e-05,8.183423193526765e-07,2755.3417923464062
15.22361452803226,0.1033373726123834,0.8005856626247532,1.3750127151637918e-05,1.3750089884586369e-05,8.191475544513686e-07,2758.94678985903
15.32755771311886,0.10394318508660128,0.8005883239681211,1.371236556240105e-05,1.371232838699642e-05,8.199482220922602e-07,2762.5608318801205
15.432110088459728,0.1045523753408677,0.8005909994668325,1.3674720628163623e-05,1.3674683544396928e-05,8.207444510818082e-07,2766.183897138635
15.537275048671239,0.10516496021151056,0.8005936891208876,1.3637191960893251e-05,1.3637154968757226e-05,8.215362024620875e-07,2769.8159643787067
15.643056005271465,0.1057809566002259,0.8005963926249748,1.3599779173611894e-05,1.3599742273098872e-05,8.22323445380789e-07,2773.4570123600124
15.749456386765916,0.10640038149445097,0.8005991099790943,1.3562481880392456e-05,1.3562445071485919e-05,8.231062172846201e-07,2777.107019858415
15.85647963871355,0.10702325194763418,0.8006018410722238,1.3525299696362582e-05,1.3525262979043896e-05,8.23884558250187e-07,2780.7659656663072
15.964129223800347,0.10764958508679712,0.8006045857378297,1.3488232237705666e-05,1.3488195611949041e-05,8.246585955531077e-07,2784.4338285926165
16.072408621916946,0.10827939811659881,0.800607343781623,1.3451279121660549e-05,1.3451242587445885e-05,8.254282245859705e-07,2788.1105874619
16.18132133023858,0.10891270832163258,0.8006101152313594,1.341443996652061e-05,1.3414403523818739e-05,8.261934628945624e-07,2791.7962211155286
16.29087086329031,0.10954953305173021,0.8006128998649942,1.3377714391637837e-05,1.3377678040416789e-05,8.269543942236916e-07,2795.490708412352
16.401060753029494,0.11018988973918553,0.8006156975715051,1.3341102017421119e-05,1.3341065757644789e-05,8.277110890705046e-07,2799.194028228073
16.5118945489211,0.11083379589160458,0.8006185082398698,1.3304602465337031e-05,1.3304566296972031e-05,8.284634375677874e-07,2802.9061594546824
16.623375818013336,0.11148126909223777,0.800621331759066,1.326821535791061e-05,1.3268179280913891e-05,8.292115275229522e-07,2806.6270810021197
16.735508145013643,0.11213232700030673,0.8006241680180715,1.3231940318726027e-05,1.3231904333051937e-05,8.299554687443517e-07,2810.356771798317
16.848295132364957,0.11278698735131343,0.8006270168225971,1.3195776972427184e-05,1.3195741078033136e-05,8.306951285787901e-07,2814.0952107873595
16.961740400328246,0.11344526796328935,0.8006298781726429,1.3159724944716464e-05,1.3159689141550968e-05,8.314306178747996e-07,2817.8423769322085
17.075847587051687,0.11410718672344089,0.8006327518739198,1.3123783862357748e-05,1.3123748150368745e-05,8.321619896033713e-07,2821.5982492136227
17.190620348653873,0.11477276160218608,0.8006356377598944,1.3087953353174975e-05,1.3087917732309646e-05,8.328891397851311e-07,2825.3628066292745
17.306062359305532,0.11544201065165893,0.8006385358305668,1.3052233046051411e-05,1.3052197516247012e-05,8.336122761825693e-07,2829.136028196787
17.42217731129963,0.11611495199409916,0.8006414458916478,1.3016622570932431e-05,1.3016587132132474e-05,8.343312512854921e-07,2832.91789295037
17.538968915135744,0.11679160383611276,0.8006443678043595,1.2981121558824026e-05,1.2981086210963507e-05,8.350461767863627e-07,2836.7083799436427
17.656440899600888,0.11747198446514417,0.8006473015409465,1.2945729641792466e-05,1.2945694384803897e-05,8.357570862655237e-07,2840.5074682486647
17.77459701184256,0.118156112241671,0.8006502468793641,1.2910446452966334e-05,1.2910411286783614e-05,8.36463936996833e-07,2844.3151369557336
17.893441017456375,0.11884400561381625,0.8006532037918568,1.2875271626534314e-05,1.2875236551086603e-05,8.371667768877423e-07,2848.1313651743626
18.012976700559786,0.11953568310341112,0.8006561720841354,1.2840204797747085e-05,1.2840169812960964e-05,8.378656257214159e-07,2851.956132032819
18.133207863878486,0.12023116331869943,0.8006591517284445,1.2805245602915606e-05,1.2805210708714559e-05,8.38560506558582e-07,2855.7894166785172
18.254138328820773,0.12093046494228687,0.8006621424749838,1.2770393679412994e-05,1.2770358875716509e-05,8.392514498590339e-07,2859.631198277929
18.37577193556896,0.1216336067481869,0.8006651443515089,1.2735648665671448e-05,1.2735613952402468e-05,8.399384428461514e-07,2863.4814560171626
18.498112543150246,0.12234060758128606,0.800668157219242,1.2701010201185212e-05,1.2700975578257747e-05,8.40621582649773e-07,2867.3401691016243
18.621164029520465,0.12305148637021901,0.8006711808561384,1.2666477926509871e-05,1.266644339383547e-05,8.413008817128824e-07,2871.207316755962
18.74493029165466,0.12376626213419684,0.800674215206687,1.2632051483259779e-05,1.2632017040750508e-05,8.419763252962417e-07,2875.082878224615
18.869415245625383,0.12448495397072179,0.8006772602431322,1.259773051410909e-05,1.2597696161676374e-05,8.426479071783517e-07,2878.9668327717936
18.99462282667903,0.1252075810536475,0.8006803157156739,1.2563514662793275e-05,1.2563480400345153e-05,8.433156451797687e-07,2882.8591596814
19.120556989329863,0.12593416265083235,0.800683381624312,1.2529403574105854e-05,1.2529369401547501e-05,8.4397956897524e-07,2886.759838257562
19.247221707434946,0.12666471810508284,0.8006864577470019,1.2495396893900449e-05,1.2495362811134919e-05,8.446397606217163e-07,2890.6688478247715
19.37462097428689,0.12739926685194547,0.800689544055988,1.246149426908803e-05,1.2461460276011822e-05,8.452962496958159e-07,2894.586167727206
19.5027588026917,0.12813782840481025,0.8006926404124926,1.2427695347638267e-05,1.2427661444152288e-05,8.459489690564659e-07,2898.5117773292154
19.631639225055736,0.12888042236403408,0.8006957467054931,1.2393999778578461e-05,1.239396596457918e-05,8.465979379569189e-07,2902.445656015605
19.761266293470896,0.1296270684151608,0.8006988628517231,1.236040721199305e-05,1.2360373487379238e-05,8.472432046775154e-07,2906.3877831922655
19.891644079797942,0.13037778632704544,0.8007019886846489,1.2326917299023624e-05,1.2326883663680693e-05,8.478848883882779e-07,2910.3381382851367
20.02277667575697,0.13113259595902704,0.8007051241210039,1.229352969186717e-05,1.2293496145687853e-05,8.485228725490918e-07,2914.296700740464
20.154668193011553,0.1318915172545836,0.8007082690220102,1.2260244043776013e-05,1.226021058665082e-05,8.491571707412592e-07,2918.2634500255804
20.287322763257837,0.13265457024628446,0.8007114233321566,1.222706000905659e-05,1.2227026640870916e-05,8.497879260002028e-07,2922.238365629478
20.42074453830716,0.1334217750493245,0.8007145869681764,1.219397724306985e-05,1.2193943963705618e-05,8.50415094382956e-07,2926.221427060782
20.55493769017129,0.13419315186412817,0.8007177597080251,1.2160995402231065e-05,1.2160962211573525e-05,8.510386178157288e-07,2930.212613849313
20.689906411159686,0.13496872098839674,0.8007209415517025,1.212811414400677e-05,1.2128081041938195e-05,8.51658640943281e-07,2934.2119055471935
20.825654913958648,0.1357485027989611,0.8007241322771641,1.209533312691617e-05,1.2095300113311628e-05,8.522751361712433e-07,2938.2192817261325
20.962187431729532,0.1365325177708847,0.8007273319121655,1.2062652010528014e-05,1.206261908526989e-05,8.528880400875106e-07,2942.2347219798903
21.09950821818626,0.1373207864567263,0.8007305402901732,1.2030070455462502e-05,1.2030037618421409e-05,8.53497545931203e-07,2946.2582059240513
21.237621547689645,0.13811332950338695,0.8007337572446538,1.199758812338919e-05,1.1997555374438179e-05,8.541035521762267e-07,2950.289713194364
21.376531715342328,0.13891016765268205,0.8007369827756072,1.1965204677024888e-05,1.196517201603904e-05,8.547060680664917e-07,2954.3292234489545
21.5162430370697,0.139711321727372,0.8007402167165001,1.1932919780134833e-05,1.1932887206984147e-05,8.553051412346796e-07,2958.376716367205
21.656759849715655,0.14051681264595572,0.8007434589285545,1.1900733097530551e-05,1.190070061208383e-05,8.559007886377929e-07,2962.432171650171
21.798086511136443,0.14132666142078776,0.8007467093840148,1.1868644295068153e-05,1.1868611897192573e-05,8.564930270561942e-07,2966.4955690206675
21.940227400285185,0.14214088914874168,0.8007499679163477,1.1836653039648893e-05,1.183662072921002e-05,8.570818737805226e-07,2970.5668882231957
22.08318691730903,0.14295951702384357,0.800753234525553,1.180475899921684e-05,1.18047267760785e-05,8.576673476322611e-07,2974.6461090241523
22.22696948363193,0.14378256632290132,0.8007565089895863,1.1772961842759917e-05,1.1772929706783815e-05,8.582494713385009e-07,2978.7332112116296
22.371579542057663,0.1446100584257337,0.8007597911974251,1.1741261240306404e-05,1.1741229191359022e-05,8.588282386581251e-07,2982.82817459599
22.5170215568635,0.14544201480583752,0.8007630811490696,1.170965686292365e-05,1.170962490086582e-05,8.594037069387618e-07,2986.930979009558
22.66330001388419,0.14627845702068853,0.8007663786779862,1.1678148382719002e-05,1.1678116507404324e-05,8.599759168065484e-07,2991.041604306386
22.81041942061143,0.1471194067272421,0.8007696837009082,1.1646735472837304e-05,1.1646703684119787e-05,8.605448617259761e-07,2995.1600303628047
22.958384306286266,0.1479648856748348,0.8007729961345689,1.1615417807460066e-05,1.1615386105194349e-05,8.611105337288267e-07,2999.286237077319
23.107199221991866,0.14881491570560001,0.8007763158124348,1.1584195061804575e-05,1.1584163445845335e-05,8.616729331094917e-07,3003.4202043706323
23.25686874075451,0.1496695187626429,0.8007796426789948,1.1553066912121376e-05,1.1553035382321533e-05,8.622320821044079e-07,3007.5619121858836
23.407397457634733,0.15052871688022407,0.8007829766509822,1.1522033035693837e-05,1.1522001591911186e-05,8.627879989266438e-07,3011.7113404889246
23.55878998982148,0.15139253218674753,0.8007863176451302,1.1491093110837204e-05,1.1491061752921408e-05,8.633407740724086e-07,3015.868469267672
23.71105097672662,0.15226098690514078,0.8007896654393942,1.1460246816897543e-05,1.1460215544689885e-05,8.638904106818834e-07,3020.0332785317523
23.864185080093183,0.1531341033665612,0.8007930200615299,1.142949383424803e-05,1.1429462647595561e-05,8.644368519569743e-07,3024.2057483139306
24.018196984080344,0.15401190398716125,0.8007963814282704,1.1398833844290016e-05,1.1398802743039721e-05,8.649801125780435e-07,3028.385858669548
24.173091395359297,0.15489441127895276,0.8007997493175711,1.13682665294519e-05,1.1368235513460993e-05,8.655202321899231e-07,3032.5735896771776
24.328873043223023,0.1557816478637264,0.8008031237016766,1.1337791573185315e-05,1.1337760642286814e-05,8.660573312579664e-07,3036.76892143669
24.485546679677874,0.1566736364548511,0.8008065045250756,1.1307408659965041e-05,1.1307377813998815e-05,8.665913035654163e-07,3040.97183407088
24.643117079538175,0.15757039986030108,0.8008098916489903,1.1277117475288292e-05,1.1277086714097517e-05,8.671221530963756e-07,3045.182307725684
24.801589040529414,0.15847196099123906,0.8008132849346428,1.1246917705672426e-05,1.1246887029110466e-05,8.676499593171529e-07,3049.40032257073
24.96096738339203,0.15937834286261676,0.8008166843542774,1.121680903865266e-05,1.1216778446544152e-05,8.681747781034137e-07,3053.6258587960306
25.121256951974694,0.1602895685826624,0.800820089796872,1.118679116278175e-05,1.118676065496565e-05,8.686965003926076e-07,3057.858896615748
25.28246261333625,0.16120566136155645,0.8008235011791598,1.1156863767628203e-05,1.1156833343955938e-05,8.692152115192608e-07,3062.099416268131
25.444589257845383,0.16212664450913294,0.8008269183901184,1.1127026543774859e-05,1.112699620406749e-05,8.69731008829107e-07,3066.347398011761
25.607641799283574,0.1630525414381907,0.8008303412632145,1.1097279182817007e-05,1.109724892691834e-05,8.702437562932581e-07,3070.602822129649
25.77162517495425,0.163983375670675,0.8008337698262036,1.106762137735942e-05,1.1067591205101363e-05,8.707535408359645e-07,3074.865668927423
25.93654434577266,0.16491917081841123,0.8008372039403078,1.1038052821016963e-05,1.103802273223312e-05,8.71260379276834e-07,3079.135918733856
26.10240429637312,0.16585995060045988,0.8008406434945048,1.1008573208412085e-05,1.1008543202934306e-05,8.717642871401592e-07,3083.413551900472
26.269210035214005,0.16680573884088545,0.8008440884332835,1.09791822351728e-05,1.097915231283225e-05,8.722652798913449e-07,3087.698548801908
26.43696659467747,0.16775655946346646,0.8008475385901104,1.0949879597931676e-05,1.0949849758558576e-05,8.72763371739737e-07,3091.9908898357585
26.605679031181275,0.16871243650380308,0.8008509939927411,1.0920664994322734e-05,1.092063523774642e-05,8.732585768161602e-07,3096.290555422809
26.77535242527074,0.16967339408946458,0.800854454419131,1.0891538122981913e-05,1.0891508449030904e-05,8.737509083486481e-07,3100.597526006758
26.94599188173747,0.17063945646673062,0.8008579198970356,1.0862498683542894e-05,1.0862469092044951e-05,8.742403787605572e-07,3104.9117820545607
27.117602529712222,0.17161064797475234,0.8008613902599215,1.0833546376637531e-05,1.0833516867419725e-05,8.747270010640208e-07,3109.233304056173
27.290189522778856,0.17258699306663416,0.8008648654522776,1.0804680903892624e-05,1.0804651476781339e-05,8.752107890169839e-07,3113.5620725247522
27.463758039077003,0.17356851629814685,0.800868345335326,1.0775901967928754e-05,1.0775872622749564e-05,8.756917610091508e-07,3117.8980679966057
27.638313281414224,0.1745552423372203,0.8008718299090667,1.0747209272357578e-05,1.0747180008937608e-05,8.761699334087324e-07,3122.2412710314516
27.81386047736363,0.17554719594940593,0.8008753190069662,1.071860252178158e-05,1.0718573339958237e-05,8.766453018979797e-07,3126.5916622124414
27.9904048793801,0.17654440201647148,0.8008788125735133,1.06900814217908e-05,1.0690052321379005e-05,8.771179553244957e-07,3130.9492221446985
28.167951764904974,0.17754688552487252,0.800882310553197,1.0661645678961566e-05,1.0661616659777912e-05,8.775878774181951e-07,3135.313931457249
28.346506436471152,0.17855467156617877,0.8008858127794838,1.0633295000855154e-05,1.0633266062718477e-05,8.780550512613358e-07,3139.6857708022976
28.526074221821094,0.179567785349942,0.8008893191968625,1.0605029096014495e-05,1.060500023874563e-05,8.785194710642023e-07,3144.064720855457
28.706660474013063,0.18058625219196855,0.8008928298330886,1.0576847673962793e-05,1.0576818897383238e-05,8.789811574931276e-07,3148.450762315735
28.88827057151838,0.18161009750531676,0.8008963442995842,1.0548750445203605e-05,1.0548721749148068e-05,8.794401251892388e-07,3152.843875905831
29.07090991836632,0.1826393468479388,0.8008998629849273,1.0520737121213597e-05,1.0520708505498056e-05,8.798964748346979e-07,3157.244042370957
29.254583944201407,0.18367402583508863,0.8009033853340064,1.0492807414448847e-05,1.0492778878880836e-05,8.803501808370088e-07,3161.6512424785724
29.43929810444855,0.18471416024714316,0.8009069115133549,1.046496103833467e-05,1.0464932582730136e-05,8.808011894205028e-07,3166.0654570207716
29.62505788039655,0.18575977594800008,0.8009104414674617,1.043719770726801e-05,1.0437169331445975e-05,8.812495322225371e-07,3170.4866668130726
29.811868779307247,0.18681089891069647,0.8009139748632599,1.0409517136615919e-05,1.0409488840416888e-05,8.816952431963684e-07,3174.914852695171
29.99973633455767,0.1878675552504241,0.800917511922794,1.038191904270923e-05,1.038189082592805e-05,8.821384194914678e-07,3179.3499955269417
30.188666105718106,0.18892977116043497,0.8009210524240196,1.0354403142845822e-05,1.0354375005294507e-05,8.825789431153812e-07,3183.792076193413
30.378663678682354,0.18999757296424846,0.8009245962559142,1.0326969155286106e-05,1.0326941096794461e-05,8.830168348718381e-07,3188.2410756039367
30.569734665785813,0.19107098710345838,0.8009281434184778,1.029961679925056e-05,1.029958881963337e-05,8.83452209495341e-07,3192.696974689928
30.761884705910852,0.1921500401250391,0.800931693689666,1.0272345794918994e-05,1.0272317893991527e-05,8.838849898158471e-07,3197.1597544055376
30.955119464619308,0.1932347587084564,0.8009352471249898,1.0245155863426126e-05,1.0245128040991468e-05,8.843152359679012e-07,3201.629395728656
31.149444634252326,0.19432516963301794,0.800938803668938,1.0218046726861791e-05,1.0218018982734751e-05,8.847429605122355e-07,3206.105879661432
31.344865934043856,0.1954212997915299,0.8009423630439549,1.0191018108269268e-05,1.019099044226298e-05,8.851681729871676e-07,3210.5891872282605
31.54138911026189,0.19652317621803306,0.8009459253610629,1.0164069731639814e-05,1.0164042143566172e-05,8.855908826954928e-07,3215.079299477202
31.739019936303,0.1976308260411095,0.8009494905647507,1.0137201321913787e-05,1.0137173811587711e-05,8.860110974876731e-07,3219.5761974796374
31.937764212807465,0.1987442765044669,0.8009530583774627,1.0110412604978883e-05,1.011038517221358e-05,8.86428827961834e-07,3224.0798623297123
32.13762776780262,0.1998635549951544,0.800956628910221,1.0083703307664653e-05,1.008367595227367e-05,8.868440856974065e-07,3228.5902751452536
32.338616456798675,0.2009886889960555,0.8009602019964923,1.005707315774353e-05,1.005704587954004e-05,8.872568857280217e-07,3233.107417067101
32.54073616291955,0.20211970612087526,0.8009637774697431,1.0030521883927182e-05,1.0030494682722721e-05,8.876672431265736e-07,3237.6312692592796
32.74399279703456,0.20325663411500727,0.8009673554965069,1.0004049215862855e-05,1.000402209146837e-05,8.8807517496781e-07,3242.1618129093936
32.948392297848514,0.20439950081395608,0.8009709357437167,9.977654884135247e-06,9.977627836360223e-06,8.884806965601408e-07,3246.6990292277937
33.1539406320557,0.20554833420718666,0.800974518377906,9.951338620260045e-06,9.951311648912674e-06,8.888838219166351e-07,3251.24289944835
33.36064379443086,0.20670316237515607,0.8009781030660079,9.925100156685736e-06,9.925073261573868e-06,8.892845618709342e-07,3255.7934048277757
33.56850780798473,0.2078640135538734,0.8009816899745559,9.898939226787159e-06,9.898912407717624e-06,8.89682924037988e-07,3260.3505266462657
33.77753872405599,0.20903091607125646,0.8009852788259941,9.872855564867269e-06,9.872828821647392e-06,8.900789135990983e-07,3264.9142462069103
33.98774262246111,0.2102038984051262,0.8009888696758338,9.846848906151564e-06,9.846822238588919e-06,8.904725352645419e-07,3269.4845448361784
34.199125611601715,0.21138298914060272,0.8009924624685638,9.820918986788005e-06,9.820892394690712e-06,8.908637972773028e-07,3274.0614038835965
34.4116938285867,0.21256821698498385,0.8009960569821395,9.79506554384502e-06,9.79503902702238e-06,8.912527175756879e-07,3278.6448047217204
34.6254534393772,0.21375961079050398,0.8009996532165609,9.769288315306882e-06,9.769261873577889e-06,8.916393042849243e-07,3283.2347287468933
34.840410638902924,0.21495719952572045,0.8010032512828502,9.743587040072646e-06,9.743560673254573e-06,8.920236023489161e-07,3287.8311573781584
35.05657165116382,0.21616101226089768,0.8010068507369184,9.717961457956782e-06,9.717935165843204e-06,8.92405656358283e-07,3292.4340720557952
35.27394272940703,0.217371078243211,0.8010104518008099,9.692411309680998e-06,9.69238509207127e-06,8.927854232139884e-07,3297.043454244848
35.49253015621498,0.21858742680795018,0.8010140543635025,9.666936336876618e-06,9.666910193575693e-06,8.931628823085708e-07,3301.659285433265
35.712340243638685,0.21981008742370278,0.8010176582029516,9.641536282081673e-06,9.641510212898622e-06,8.935380589597654e-07,3306.281547132059
35.93337933334715,0.2210390897084622,0.8010212633746683,9.616210888736215e-06,9.616184893504733e-06,8.939109705955975e-07,3310.9102208766826
36.15565379673948,0.22227446339233126,0.8010248698786526,9.59095990118201e-06,9.590933979690985e-06,8.942817271617966e-07,3315.5452882219406
36.37917003506493,0.22351623832545187,0.8010284774373488,9.56578306466132e-06,9.565757216705895e-06,8.946502423032774e-07,3320.1867307469497
36.603934479582186,0.2247644445172554,0.8010320861617792,9.540680125311339e-06,9.54065435069799e-06,8.950164930574363e-07,3324.8345300547994
36.82995359166536,0.22601911208317205,0.8010356958854103,9.51565083016468e-06,9.51562512869393e-06,8.953805580859024e-07,3329.488667770926
37.05723386294926,0.22728027128390238,0.8010393064972199,9.490694927145555e-06,9.490669298627902e-06,8.957424477120385e-07,3334.149125544159
37.28578181546779,0.22854795251853233,0.8010429181082301,9.46581216506675e-06,9.465786609353314e-06,8.961021659395748e-07,3338.815885048154
37.51560400176134,0.22982218629354634,0.8010465304963965,9.441002293630104e-06,9.440976810472162e-06,8.964597003647863e-07,3343.488927970487
37.74670700503212,0.23110300327078193,0.8010501436062079,9.416265063421757e-06,9.416239652679148e-06,8.968150680624248e-07,3348.168236034348
37.97909743927669,0.2323904342445715,0.8010537574931753,9.391600225909972e-06,9.391574887336608e-06,8.97168281082955e-07,3352.853790972851
38.21278194940285,0.2336845101261602,0.8010573718797431,9.367007533444692e-06,9.366982266894089e-06,8.97519348415148e-07,3357.5455745538566
38.447767211395586,0.23498526199273329,0.8010609869324448,9.342486739251934e-06,9.342461544476184e-06,8.978683002047844e-07,3362.243568556358
38.68405993241903,0.236292721023446,0.8010646024292356,9.318037597434975e-06,9.31801247430178e-06,8.982151215359798e-07,3366.9477547943675
38.92166685097581,0.23760691855677862,0.8010682182035822,9.293659862969625e-06,9.293634811203047e-06,8.985598663021686e-07,3371.6581150895686
39.16059473705941,0.2389278860836015,0.8010718345885515,9.269353291700288e-06,9.26932831121e-06,8.989024880678525e-07,3376.374631305711
39.40085039223272,0.24025565517330705,0.8010754511400542,9.245117640343671e-06,9.245092730803798e-06,8.992430712647653e-07,3381.097285304013
39.642440649822795,0.2415902575900759,0.8010790679136015,9.220952666480598e-06,9.220927827848294e-06,8.995815361321992e-07,3385.826058998532
39.88537237504219,0.24293172521939255,0.80108268474266,9.196858128555476e-06,9.19683336048547e-06,8.999179961486e-07,3390.560934292083
40.0,0.1146276249578122,0.17778053351680256,9.18555944929137e-06,9.185534764578335e-06,8.982340659000719e-07,3392.7881244506075
