variant,tol,status,accepted_steps,rejected_steps,newton_updates,E_inf,E_over_tol,final_y2_abs_error,min_component,nonnegative,conservation_error,median_accepted_h,max_accepted_h,h_over_EE_limit_p05,h_over_EE_limit_median,h_over_EE_limit_p95,local_ratio_max,wall_clock_time
extrapolated,0.0001,completed,60,0,370,7.950944467402867e-05,0.7950944467402866,2.1539612229694836e-09,0.0,True,1.1102230246251565e-15,0.4490380080684604,2.311903867230882,173.78924154454643,723.2668886266816,3286.889588044358,0.7257440286900785,0.0007590000168420374
extrapolated,1e-05,completed,164,0,994,8.727527248807236e-06,0.8727527248807235,2.3909580811904286e-10,0.0,True,1.5543122344752192e-15,0.17290748565403646,0.7527648649873697,58.09211524263263,234.77369922431507,1094.2356478217243,0.782418859019817,0.000974299997324124
extrapolated,3e-06,completed,292,0,1759,2.6714206899711253e-06,0.8904735633237084,7.330235530675041e-11,0.0,True,1.5543122344752192e-15,0.09816637391490968,0.4172443347061261,31.627362162451856,128.24827165170174,603.8896429347205,0.7948073083626633,0.002258099993923679
extrapolated,1e-06,completed,501,0,2029,8.999179961486e-07,0.8999179961486,2.4684713034208144e-11,0.0,True,2.4424906541753444e-15,0.05756425874736504,0.24293172521939255,18.301799565423025,74.31585900970008,347.86099087289034,0.8012052043044303,0.002571899996837601
extrapolated,3e-07,completed,911,1,2786,2.716985797815679e-07,0.9056619326052264,7.461823564906215e-12,0.0,True,4.218847493575595e-15,0.031691305853692064,0.13353048139547496,10.008243448956106,40.672957465802234,191.27080486903137,0.8051755457106254,0.0038733000110369176
extrapolated,1e-07,completed,1574,2,4793,9.085116530369952e-08,0.9085116530369952,2.4964621620887075e-12,0.0,True,4.884981308350689e-15,0.018319384744415856,0.07709052299323815,5.782559560239358,23.471854656185897,110.6605530799051,0.9694055503536926,0.0064295000047422945
extrapolated,3e-08,completed,2872,3,8731,2.7310793316099616e-08,0.9103597772033206,7.503330503580083e-13,0.0,True,1.021405182655144e-14,0.010045684670240806,0.04229358561664043,3.165525684323443,12.856695824292213,60.58940092147121,0.9424937051449773,0.010842599993338808
extrapolated,1e-08,completed,4973,5,15019,9.112389648765684e-09,0.9112389648765684,2.504207778641909e-13,0.0,True,1.1213252548714081e-14,0.005800706443462644,0.02442885889740154,1.8280513016555817,7.4237716623049765,34.99873788957222,0.9552222027316378,0.020328399987192824
extrapolated,1e-09,completed,15721,5,47180,9.114555118704403e-10,0.9114555118704402,2.5089668163153986e-14,0.0,True,2.6201263381153694e-14,0.0018347852973539247,0.007728507743870239,0.5781039397455942,2.347650362990982,11.073067844354023,0.9892381792175599,0.060394000000087544
extrapolated,1e-10,completed,49712,5,149153,9.056897904587125e-11,0.9056897904587125,2.5184576510827936e-15,0.0,True,2.375877272697835e-14,0.0005802233518945599,0.0024443845675392595,0.18280421294496346,0.7423810252695656,3.502518401104418,0.99610782302341,0.19052869998267852
first-order,0.0001,completed,60,0,372,0.001894155773030343,18.94155773030343,5.184173663664507e-08,0.0,True,6.661338147750939e-16,0.4431696603961335,2.241829913282359,173.73906677991374,710.541076652423,3176.0849661250077,0.7264701887932379,0.0004566000134218484
first-order,1e-05,completed,165,0,1000,0.0006135030649126471,61.35030649126471,1.6825103393804778e-08,0.0,True,7.771561172376096e-16,0.17350527270212446,0.7574299276427254,58.106591675594075,235.7624503242889,1084.1828248203817,0.7825348413593481,0.0010653000208549201
first-order,3e-06,completed,293,0,1769,0.0003374587333388198,112.48624444627326,9.261567433647925e-09,0.0,True,4.440892098500626e-16,0.09829104226315799,0.41840959469007544,31.617802070952262,128.46866518197004,598.9074284495464,0.7948440208231365,0.002080800011754036
first-order,1e-06,completed,502,0,2038,0.0001952937283274591,195.29372832745912,5.3650304149398134e-09,0.0,True,8.881784197001252e-16,0.057195484890787185,0.2430435330494447,18.278421156510728,73.76171948522332,348.12432941200154,0.8012184136148119,0.0023283000045921654
first-order,3e-07,completed,912,1,2793,0.00010711153815692905,357.03846052309683,2.9433977491678055e-09,0.0,True,1.1102230246251565e-15,0.03156329286411719,0.1334985879867574,9.996516006074284,40.48183469029592,191.23193256118296,0.8051851529590713,0.003458499995758757
first-order,1e-07,completed,1575,2,4800,6.18782660293191e-05,618.782660293191,1.7006915583696119e-09,0.0,True,2.3314683517128287e-15,0.01830518394771996,0.07705692477232162,5.77695134530746,23.451379592324134,110.60589771929001,0.9705717017355934,0.005943299998762086
first-order,3e-08,completed,2873,3,8738,3.3905419163415127e-05,1130.1806387805043,9.317362893102374e-10,0.0,True,3.552713678800501e-15,0.010039141624467618,0.04227454336771075,3.166048075463359,12.854951771876252,60.56053779250079,0.9431490843144453,0.011457800021162257
first-order,1e-08,completed,4975,5,15027,1.958073297648261e-05,1958.073297648261,5.381016897002536e-10,0.0,True,3.3306690738754696e-15,0.005796033284164004,0.024433033220702782,1.8280529033603647,7.419418907499295,35.006931088292376,0.9554066455596055,0.019727100007003173
first-order,1e-09,completed,15723,5,47187,6.193061195435809e-06,6193.061195435808,1.7018932950744158e-10,0.0,True,7.105427357601002e-15,0.0018345752995099218,0.007728581315838312,0.5780783302470316,2.347604861309006,11.073264707615827,0.9892679507874941,0.060746600007405505
first-order,1e-10,completed,49714,5,149159,1.9585438167152373e-06,19585.438167152373,5.382361094125531e-11,0.0,True,1.2878587085651816e-14,0.0005801927466380086,0.002444354493562173,0.18280846179826127,0.742388186300018,3.5024822026364033,0.99611383450094,0.19141440000385046
