t,kappa_V
1e-08,5.1971675481376245
1.117510359354187e-08,6.239930086836789
1.2488294032639239e-08,8.126501341757987
1.3955797952135394e-08,12.489799008451635
1.559574878456525e-08,33.63128391981477
1.7428410828637133e-08,54.271597949481574
1.9476429648082685e-08,12.14512660387998
2.176511189496542e-08,6.7294854322522095
2.4322738015126845e-08,4.588620366022389
2.718091169976214e-08,3.467507030915109
3.037495040117561e-08,2.7948851707109292
3.394432173818336e-08,2.3572887388109716
3.7933131183671423e-08,2.0565254039683905
4.2390667060494076e-08,1.8412038087636662
4.7372009580036425e-08,1.6820069363784365
5.293871144911649e-08,1.5611582878408985
5.9159558455249775e-08,1.4673716109199582
6.611141942856106e-08,1.3932126380053789
7.388019608302664e-08,1.3336308872563374
8.256188447390089e-08,1.2851023607605556
9.226376118738785e-08,1.2451094432271381
1.0310570891988667e-07,1.2118151709218354
1.1522169782653074e-07,1.1838535515621782
1.2876144094352562e-07,1.160191265261066
1.4389224413976225e-07,1.1400344259979474
1.6080107345690607e-07,1.1227644561503871
1.7969686538336612e-07,1.1078931707074096
2.00813108609386e-07,1.0950307832431334
2.244107291651063e-07,1.083862759630133
2.50781314592233e-07,1.0741328302220252
2.8025071698928174e-07,1.0656303544123522
3.1318307945196074e-07,1.0581808050071206
3.499853356620115e-07,1.0516385185952961
3.9111223822434936e-07,1.0458811121638594
4.37071977885913e-07,1.0408051391421949
4.884324630709319e-07,1.0363226774046568
5.458283373266477e-07,1.0323586251862737
6.099688213915991e-07,1.0288485398941827
6.816464767881757e-07,1.025736897039663
7.617469992280696e-07,1.0229756770709355
8.512601628443336e-07,1.0205232102125523
9.512920504840748e-07,1.0183432258856626
1.0630787211872396e-06,1.0164040655408364
1.1880014837357416e-06,1.0146780269361118
1.3276039650028332e-06,1.013140814855343
1.4836111840103594e-06,1.0117710785707588
1.6579508673853039e-06,1.0105500204311104
1.8527772696033368e-06,1.0094610631102094
2.070497792357694e-06,1.008489565505625
2.313802731979697e-06,1.0076225792006432
2.5856985224893305e-06,1.0068486389186302
2.889544885048642e-06,1.006157581600938
3.22909634286076e-06,1.0055403896979358
3.6085486144996116e-06,1.0049890550311864
4.0325904589365136e-06,1.004496460204174
4.506461612894409e-06,1.004056275040839
5.036017536441469e-06,1.0036628659398732
5.6278017668626925e-06,1.0033112163671576
6.289126774860855e-06,1.0029968569837922
7.0281643221987926e-06,1.0027158041343682
7.854046437300648e-06,1.0024645056087658
8.776978256532318e-06,1.0022397927479947
9.808364125501315e-06,1.0020388380962633
1.0960948518565668e-05,1.001859117912194
1.2248973517845061e-05,1.0016983789455747
1.3688354797646952e-05,1.0015546089652738
1.529687828888602e-05,1.001426010591366
1.7094419953610277e-05,1.001310978041823
1.91031913853104e-05,1.001208076454145
2.1348014269810034e-05,1.0011160234843641
2.385662709815372e-05,1.0010336729216314
2.6660027921436595e-05,1.0009600000886383
2.9792857382877266e-05,1.0008940888265943
3.3293826760127144e-05,1.0008351198848209
3.7206196306985725e-05,1.0007823605600596
4.157830980522204e-05,1.0007351554386188
4.64641919317733e-05,1.0006929181263418
5.192421582277789e-05,1.0006551238499384
5.802584908329687e-05,1.0006213028283042
6.48444874609069e-05,1.0005910343316755
7.246438648457613e-05,1.0005639413436709
8.097970258075936e-05,1.0005396857537399
9.049565653141955e-05,1.0005179640158728
0.00010112983365041953,1.0004985032094669
0.00011301363674410946,1.0004810574461565
0.0001262939098098333,1.0004654045675403
0.00014113475253583208,1.0004513430809419
0.00015771954802368162,1.0004386892809645
0.00017625322878912439,1.0004272745050329
0.0001969648090414701,1.0004169424683693
0.00022011021453206204,1.0004075466240425
0.0002459754449392518,1.0003989474884616
0.00027488010786636875,1.0003910098719155
0.0003071813681210634,1.0003835999493036
0.00034327836107588027,1.0003765821072428
0.00038361712464442325,1.0003698155048346
0.00042869611081580846,1.0003631502951469
0.0004790723448515164,1.0003564234731177
0.0005353683082516711,1.0003494543504365
0.000598279630541168,1.0003420397142906
0.0006685836849203507,1.0003339488109901
0.000747149193993686,1.0003249184150105
0.0008349469642710752,1.000314648393693
0.0009330618820842567,1.0003027983476906
0.0010427063191476716,1.0002889860591964
0.0011652351134115958,1.0002727885456275
0.0013021623103207066,1.0002537463954142
0.001455179871343971,1.000231371631744
0.0016261785809505804,1.0002051585253202
0.0018172714103721647,1.0001745955951142
0.0020308196268490875,1.0001391757667484
0.002269461970983655,1.0000984008372538
0.0025361472627346057,1.000051776683427
0.0028341708389536865,1.000001202539953
0.003167215272710291,1.0000610836443002
0.0035393958775585465,1.000128483109145
0.0039553115590271705,1.0002041136273052
0.0044201016416862225,1.000288811232919
0.004939509373982802,1.000383551790078
0.005519952895552896,1.0004894609352943
0.0061686045439275005,1.0006078211817004
0.0068934794805982766,1.0007400800929025
0.007703534731564094,1.0008878620638277
0.00860877986616765,1.001052984526147
0.009620400681842098,1.0012374783035445
0.010750897423096628,1.0014436115713354
0.01201423924266469,1.00167391710163
0.013426036813437391,1.0019312227954
0.01500373522408696,1.0022186857253856
0.01676682954192449,1.0025398300326365
0.01873710570662643,1.002898589082413
0.020938909731469446,1.003299352329033
0.0233994485384993,1.0037470173824596
0.026149126144948156,1.0042470478104994
0.029221919355038976,1.00480553725499
0.032655797599468676,1.0054292804840108
0.036493192110379755,1.0061258520445908
0.04078152022925186,1.0069036932210926
0.04557377132640129,1.0077722080396911
0.050929161572092235,1.008741869087016
0.05691386565003624,1.0098243339266961
0.06360183445480778,1.0110325728972585
0.07107570887717775,1.012381009049164
0.07942784096868846,1.013885670923256
0.08876143510364626,1.0155643587726106
0.09919182323946907,1.017436824673738
0.11084789003333582,1.0195249667414874
0.1238736654248065,1.0218530373362946
0.13843010436339584,1.0244478647014428
0.15469707567257607,1.0273390868631849
0.1728755846259023,1.0305593958249657
0.19319025669885684,1.0341447890439455
0.21589211318726712,1.0381348238377224
0.24126167298963766,1.0425728686707478
0.26961241888104226,1.047506343148394
0.3012946711101051,1.0529869359329733
0.33669991618375444,1.0590707866336289
0.376265644329032,1.0658186139647567
0.4204807554067712,1.0732957681154873
0.46989160007614084,1.081572180376255
0.525108730858602,1.090722177785544
0.5868144465218161,1.1008241251813953
0.655771223006823,1.1119598520575278
0.7328311350764893,1.124213817771491
0.8189463851052643,1.1376719669623638
0.9151810691107942,1.1524202288702845
1.0227243254161527,1.168542621237035
1.142905028416073,1.1861189334164606
1.2772082090129528,1.2052219859334896
1.4272934046241823,1.2259144962120376
1.595015165505431,1.2482456226727103
1.7824459707793519,1.2722473102909462
1.9919018373350559,1.2979306160851305
2.225970938038554,1.3252822462783824
2.487545582879441,1.3542615790836232
2.7798579582335243,1.3847984678443606
3.1065200658591423,1.4167921088942597
3.471568355139242,1.4501112103844913
3.879513600074278,1.4845956116083092
4.335396637338461,1.520059383646423
4.844850654135037,1.5562953055446442
5.414170795519813,1.5930804752020498
6.050391951306289,1.6301827016607389
6.761375683737944,1.6673672533359287
7.55590737006265,1.7044035153767203
8.443804760365662,1.7410711399320238
9.436039292072824,1.7771653474917188
10.544871660164528,1.8125011410560061
11.784003318294243,1.8469163101092023
13.168745782857929,1.8802732116851968
14.716209832045497,1.9124594084918267
16.44551693774078,1.9433873117120446
18.37803554285999,1.9729930163755043
20.537645103725488,2.0012345324532075
22.951031160153025,2.0280896094598595
25.64801507933175,2.0535533326844773
28.661922548025625,2.077635640881969
32.029995366425986,2.1003588835758853
35.79385163204765,2.121755504758138
40.0,2.1418659114272947
