t,y1,y2,y3
0.000000000000000000e+00,1.000000000000000000e+00,0.000000000000000000e+00,0.000000000000000000e+00
1.000000000000000021e-08,9.999999995999999669e-01,4.000000038991898871e-10,-3.979854336254440702e-18
1.117510359354186917e-08,9.999999995529958996e-01,4.470041480826748389e-10,-4.441648819256828303e-18
1.248829403263923851e-08,9.999999995004682507e-01,4.995317661355675396e-10,-4.955593298977740342e-18
1.395579795213539353e-08,9.999999994417680949e-01,5.582319234557092569e-10,-5.527031346169601255e-18
1.559574878456524866e-08,9.999999993761700123e-01,6.238299573486303655e-10,-6.161637103173900663e-18
1.742841082863713264e-08,9.999999993028635403e-01,6.971364397666696126e-10,-6.865339741362042637e-18
1.947642964808268531e-08,9.999999992209428479e-01,7.790571932627460869e-10,-7.644194597818675323e-18
2.176511189496541908e-08,9.999999991293955226e-01,8.706044839223763899e-10,-8.504177345021760117e-18
2.432273801512684510e-08,9.999999990270904693e-01,9.729095295810554351e-10,-9.450867943117996261e-18
2.718091169976213956e-08,9.999999989127635880e-01,1.087236477886623944e-09,-1.048897770404378619e-17
3.037495040117561200e-08,9.999999987850020089e-01,1.214998026928561293e-09,-1.162165405168641271e-17
3.394432173818335957e-08,9.999999986422271059e-01,1.357772881452791335e-09,-1.284947138816316648e-17
3.793313118367142334e-08,9.999999984826747346e-01,1.517325260362197316e-09,-1.416897993751449680e-17
4.239066706049407593e-08,9.999999983043733609e-01,1.695626696550029273e-09,-1.557063343936979711e-17
4.737200958003642476e-08,9.999999981051196363e-01,1.894880398438900596e-09,-1.703584539319855799e-17
5.293871144911648832e-08,9.999999978824515301e-01,2.117548474252001172e-09,-1.853282423797714333e-17
5.915955845524977526e-08,9.999999976336176877e-01,2.366382355416928907e-09,-2.001069927228723585e-17
6.611141942856105784e-08,9.999999973555432353e-01,2.644456795032795724e-09,-2.139125576132640246e-17
7.388019608302663942e-08,9.999999970447921438e-01,2.955207861506942082e-09,-2.255732789375813416e-17
8.256188447390088960e-08,9.999999966975245957e-01,3.302475396834006878e-09,-2.333652184087403875e-17
9.226376118738784634e-08,9.999999963094495792e-01,3.690550464157854183e-09,-2.347841599329441238e-17
1.031057089198866711e-07,9.999999958757715968e-01,4.124228370906810718e-09,-2.262265270854890329e-17
1.152216978265307368e-07,9.999999953911320461e-01,4.608867922687272272e-09,-2.025431355416408387e-17
1.287614409435256224e-07,9.999999948495423840e-01,5.150457640110680332e-09,-1.564154359774626090e-17
1.438922441397622502e-07,9.999999942443102974e-01,5.755689756765692135e-09,-7.748400039176365132e-18
1.608010734569060742e-07,9.999999935679571017e-01,6.432042912693526296e-09,4.886876497780403955e-18
1.796968653833661170e-07,9.999999928121253712e-01,7.187874565168633881e-09,2.432184443079241938e-17
2.008131086093860030e-07,9.999999919674756876e-01,8.032524258654876362e-09,5.344718037263720318e-17
2.244107291651062891e-07,9.999999910235708445e-01,8.976429029984096016e-09,9.631796185863239580e-17
2.507813145922330240e-07,9.999999899687475047e-01,1.003125237474465059e-08,1.586160670939205073e-16
2.802507169892817428e-07,9.999999887899714279e-01,1.121002836842608745e-08,2.482955337387244927e-16
3.131830794519607413e-07,9.999999874726769322e-01,1.252732272310917530e-08,3.764832151672766424e-16
3.499853356620115084e-07,9.999999860005867047e-01,1.399941276973184778e-08,5.587356736433317798e-16
3.911122382243493600e-07,9.999999843555106294e-01,1.564448858978243138e-08,8.167931605545675684e-16
4.370719778859129842e-07,9.999999825171210777e-01,1.748287778155800084e-08,1.181027226981896362e-15
4.884324630709318901e-07,9.999999804627016653e-01,1.953729663809967441e-08,1.693856225222538022e-15
5.458283373266476820e-07,9.999999781668666987e-01,2.183313084018047332e-08,2.414511413965363567e-15
6.099688213915990678e-07,9.999999756012474261e-01,2.439874913229250252e-08,3.425687722408529875e-15
6.816464767881756925e-07,9.999999727341413180e-01,2.726585385695169667e-08,4.842824425492170382e-15
7.617469992280696245e-07,9.999999695301204916e-01,3.046987267781952741e-08,6.827055707177551261e-15
8.512601628443335783e-07,9.999999659495940607e-01,3.405039633073156245e-08,9.603282378816089079e-15
9.512920504840748447e-07,9.999999619483187496e-01,3.805166780995975636e-08,1.348538998041991343e-14
1.063078721187239631e-06,9.999999574768521082e-01,4.252312903188925631e-08,1.891143946629349877e-14
1.188001483735741583e-06,9.999999524799417783e-01,4.752003172752162564e-08,2.649277445595134964e-14
1.327603965002833206e-06,9.999999468958428173e-01,5.310412010747928487e-08,3.708254892753434113e-14
1.483611184010359413e-06,9.999999406555544201e-01,5.934439372811371833e-08,5.187135612279901058e-14
1.657950867385303868e-06,9.999999336819674900e-01,6.631795997562787018e-08,7.252067737398059150e-14
1.852777269603336795e-06,9.999999258889119558e-01,7.411098668872866666e-08,1.013491091456862715e-13
2.070497792357693916e-06,9.999999171800917352e-01,8.281976667242496139e-08,1.415922431276886479e-13
2.313802731979696981e-06,9.999999074478950201e-01,9.255190723083854134e-08,1.977653310549565826e-13
2.585698522489330521e-06,9.999998965720644506e-01,1.034276593814433267e-07,2.761693888018926427e-13
2.889544885048641831e-06,9.999998844182113045e-01,1.155814031248250225e-07,3.855974751216335156e-13
3.229096342860760170e-06,9.999998708361546029e-01,1.291633070523915870e-07,5.383203221469207391e-13
3.608548614499611589e-06,9.999998556580658171e-01,1.443411827008121712e-07,7.514618136065633354e-13
4.032590458936513561e-06,9.999998386963946384e-01,1.613025564294659562e-07,1.048918514136531492e-12
4.506461612894409246e-06,9.999998197415517209e-01,1.802569842307288819e-07,1.464038449623885664e-12
5.036017536441469147e-06,9.999997985593188643e-01,2.014386378089898006e-07,2.043359463287348697e-12
5.627801766862692452e-06,9.999997748879546622e-01,2.251091935105032563e-07,2.851826269600940289e-12
6.289126774860855241e-06,9.999997484349606447e-01,2.515610592808259261e-07,3.980071118171495873e-12
7.028164322198792562e-06,9.999997188734666143e-01,2.811209787975398785e-07,5.554574351299457441e-12
7.854046437300647880e-06,9.999996858381918763e-01,3.141540562991740353e-07,7.751844034554817900e-12
8.776978256532317745e-06,9.999996489209314054e-01,3.510682504285588452e-07,1.081820446383942658e-11
9.808364125501314932e-06,9.999996076655119914e-01,3.923193906445843628e-07,1.509741223130182345e-11
1.096094851856566764e-05,9.999995615621554146e-01,4.384167754324151159e-07,2.106919617934016835e-11
1.224897351784506140e-05,9.999995100411792626e-01,4.899294176412456010e-07,2.940304239340907826e-11
1.368835479764695225e-05,9.999994524659580053e-01,5.474930087537524847e-07,4.103325471450597656e-11
1.529687828888602022e-05,9.999993881250556216e-01,6.118176806520666988e-07,5.726370675142587873e-11
1.709441995361027711e-05,9.999993162234356303e-01,6.836966505467148071e-07,7.991382052478255446e-11
1.910319138531040104e-05,9.999992358726365049e-01,7.640158412202095967e-07,1.115222434903386977e-10
2.134801426981003411e-05,9.999991460797937881e-01,8.537645748329838590e-07,1.556313636744500891e-10
2.385662709815371894e-05,9.999990457353713502e-01,9.540474444220265847e-07,2.171841834558466058e-10
2.666002792143659517e-05,9.999989335994516892e-01,1.066097471021256168e-06,3.030772135062420980e-10
2.979285738287726568e-05,9.999988082864147421e-01,1.191290652659671699e-06,4.229325341951971853e-10
3.329382676012714401e-05,9.999986682478164690e-01,1.331162011405227556e-06,5.901721645875185991e-10
3.720619630698572485e-05,9.999985117532552703e-01,1.487423219943580718e-06,8.235248043311110135e-10
4.157830980522203823e-05,9.999983368689909780e-01,1.661981902833573092e-06,1.149106212721399035e-09
4.646419193177329812e-05,9.999981414340500807e-01,1.856962613709105254e-06,1.603336149072241442e-09
5.192421582277788881e-05,9.999979230335244162e-01,2.074729467724414839e-06,2.237007806553321481e-09
5.802584908329687109e-05,9.999976789687310408e-01,2.317910349570298419e-06,3.120919324234810582e-09
6.484448746090690338e-05,9.999974062238669026e-01,2.589422392281566514e-06,4.353740847768780969e-09
7.246438648457612975e-05,9.999971014287439841e-01,2.892498305822566757e-06,6.072950145645391054e-09
8.097970258075935692e-05,9.999967608171472788e-01,3.230712866997311967e-06,8.469985629916969887e-09
9.049565653141955479e-05,9.999963801802980168e-01,3.608008386640660299e-06,1.181131532415226629e-08
1.011298336504195297e-04,9.999959548148492638e-01,4.028717566152227541e-06,1.646758462801280121e-08
1.130136367441094623e-04,9.999954794647712975e-01,4.497581306076356304e-06,2.295392262872648390e-08
1.262939098098332983e-04,9.999949482564084446e-01,5.019758061258506838e-06,3.198553031769343318e-08
1.411347525358320782e-04,9.999943546259045801e-01,5.600819974306334177e-06,4.455412115334082817e-08
1.577195480236816228e-04,9.999936912381023335e-01,6.246729240925221740e-06,6.203265670587891001e-08
1.762532287891243861e-04,9.999929498959141405e-01,6.963785967273692179e-06,8.631811865252973472e-08
1.969648090414700958e-04,9.999921214390448121e-01,7.758535828278495403e-06,1.200251269685045111e-07
2.201102145320620420e-04,9.999911956308191741e-01,8.637622796121178440e-06,1.667463847775184816e-07
2.459754449392517858e-04,9.999901610317156742e-01,9.607568361115509069e-06,2.313999233483985274e-07
2.748801078663687478e-04,9.999890048580496460e-01,1.067445549039947020e-05,3.206864601115500749e-07
3.071813681210633752e-04,9.999877128240668434e-01,1.184349310919566935e-05,4.436828242149563024e-07
3.432783610758802706e-04,9.999862689655056869e-01,1.311843758176995242e-05,6.125969127663847049e-07
3.836171246444232516e-04,9.999846554424670630e-01,1.450085341997866277e-05,8.437041131579435423e-07
4.286961108158084642e-04,9.999828523191790497e-01,1.598921048071074710e-05,1.158470340423405286e-06
4.790723448515164123e-04,9.999808373179747134e-01,1.757784334692466858e-05,1.584838678586137447e-06
5.353683082516710835e-04,9.999785855444952576e-01,1.925584481358981972e-05,2.158610691347265611e-06
5.982796305411679531e-04,9.999760691807955126e-01,2.100603070630692443e-05,2.924788498344212515e-06
6.685836849203507333e-04,9.999732571426475092e-01,2.280419195789091822e-05,3.938665394640912262e-06
7.471491939936860359e-04,9.999701146969095511e-01,2.461892427637766686e-05,5.266378814166882118e-06
8.349469642710752445e-04,9.999666030343264955e-01,2.641236114765399534e-05,6.984604525887014820e-06
9.330618820842566602e-04,9.999626787925531834e-01,2.814208557158353005e-05,9.179121875454298253e-06
1.042706319147671630e-03,9.999582935235126202e-01,2.976431621528049734e-05,1.194216027231536781e-05
1.165235113411595795e-03,9.999533930984494390e-01,3.123814676218051456e-05,1.536875478850032630e-05
1.302162310320706569e-03,9.999479170432018504e-01,3.253022619651006503e-05,1.955273060182705181e-05
1.455179871343970956e-03,9.999417977953656278e-01,3.361894414123480689e-05,2.458326049340339638e-05
1.626178580950580436e-03,9.999349598741723577e-01,3.449710402562802846e-05,3.054302180231315120e-05
1.817271410372164712e-03,9.999273189530489825e-01,3.517233697353963591e-05,3.750870997778737705e-05
2.030819626849087508e-03,9.999187808239129449e-01,3.566508448506758099e-05,4.555409160211652846e-05
2.269461970983654986e-03,9.999092402411782210e-01,3.600464943638369508e-05,5.475510938553632763e-05
2.536147262734605654e-03,9.998985796321017139e-01,3.622431457989098996e-05,6.519605331836304785e-05
2.834170838953686475e-03,9.998866676584647895e-01,3.635667308248886247e-05,7.697566845237732702e-05
3.167215272710291116e-03,9.998733576126672684e-01,3.643009366867928049e-05,9.021229366365171457e-05
3.539395877558546531e-03,9.998584856292204170e-01,3.646678786744365523e-05,1.050475829118076889e-04
3.955311559027170458e-03,9.998418686904249064e-01,3.648245027543681684e-05,1.216488592994328227e-04
4.420101641686222452e-03,9.998233024027388671e-01,3.648706770561736937e-05,1.402105295551035584e-04
4.939509373982802105e-03,9.998025585179672881e-01,3.648632667332723302e-05,1.609551553590830809e-04
5.519952895552895575e-03,9.997793821708402806e-01,3.648309244098051204e-05,1.841347367184983496e-04
6.168604543927500537e-03,9.997534888017368671e-01,3.647861646173019271e-05,2.100325818013145610e-04
6.893479480598276553e-03,9.997245607301565862e-01,3.647334827095629196e-05,2.389659215723998538e-04
7.703534731564093754e-03,9.996922433410828646e-01,3.646739248685335614e-05,2.712892664302495776e-04
8.608779866167650188e-03,9.996561408426167805e-01,3.646072428509956073e-05,3.073984330981081718e-04
9.620400681842097845e-03,9.996158115492566054e-01,3.645327366653476451e-05,3.477351770768331808e-04
1.075089742309662776e-02,9.995707626409695568e-01,3.644495214951306140e-05,3.927924068809954651e-04
1.201423924266468990e-02,9.995204443437746278e-01,3.643565901951490929e-05,4.431199972059139377e-04
1.342603681343739093e-02,9.994642434729626990e-01,3.642528170465383040e-05,4.993312453326297475e-04
1.500373522408695974e-02,9.994014762753411496e-01,3.641369474936972006e-05,5.621100299094786449e-04
1.676682954192448838e-02,9.993313805021878382e-01,3.640075843064219992e-05,6.322187393815476703e-04
1.873710570662643141e-02,9.992531066397779549e-01,3.638631720226856832e-05,7.105070430198054702e-04
2.093890973146944612e-02,9.991657082201339524e-01,3.637019798140423939e-05,7.979215818846214798e-04
2.339944853849930048e-02,9.990681311302848089e-01,3.635220826875398869e-05,8.955166614464048734e-04
2.614912614494815588e-02,9.989592018353056213e-01,3.633213409144054430e-05,1.004466030602910913e-03
2.922191935503897636e-02,9.988376144278691138e-01,3.630973775805238369e-05,1.126075834372756469e-03
3.265579759946867638e-02,9.987019164161725637e-01,3.628475541642782313e-05,1.261798828411042411e-03
3.649319211037975463e-02,9.985504931632436243e-01,3.625689440652642116e-05,1.413249942349888329e-03
4.078152022925186221e-02,9.983815508941779049e-01,3.622583040327568969e-05,1.582223275418852878e-03
4.557377132640128697e-02,9.981930981949063142e-01,3.619120434786047094e-05,1.770710600745922835e-03
5.092916157209223527e-02,9.979829259374132233e-01,3.615261917075649780e-05,1.980921443416118997e-03
5.691386565003624110e-02,9.977485855831310646e-01,3.610963631617763537e-05,2.215304780552788608e-03
6.360183445480778464e-02,9.974873658395981835e-01,3.606177208581667985e-05,2.476572388316074843e-03
7.107570887717774843e-02,9.971962676775130152e-01,3.600849383025380741e-05,2.767723828656704164e-03
7.942784096868846233e-02,9.968719777569046148e-01,3.594921602945051742e-05,3.092073027065978669e-03
8.876143510364625788e-02,9.965108403650441149e-01,3.588329631989608533e-05,3.453276338636141179e-03
9.919182323946906799e-02,9.961088280364421843e-01,3.581003154557351050e-05,3.855361932012449713e-03
1.108478900333358247e-01,9.956615111094566650e-01,3.572865393344798755e-05,4.302760236610036343e-03
1.238736654248065033e-01,9.951640265761567683e-01,3.563832752185800286e-05,4.800335096321609735e-03
1.384301043633958395e-01,9.946110467049692483e-01,3.553814500241441750e-05,5.353415150028417030e-03
1.546970756725760676e-01,9.939967480598457250e-01,3.542712517260934306e-05,5.967824814981757472e-03
1.728755846259023010e-01,9.933147817065683949e-01,3.530421123708754074e-05,6.649914082194573021e-03
1.931902566988568382e-01,9.925582455853083630e-01,3.516827023960558809e-05,7.406586144452015179e-03
2.158921131872671151e-01,9.917196602364783953e-01,3.501809395371798385e-05,8.245321669567842043e-03
2.412616729896376599e-01,9.907909492892933434e-01,3.485240160593664144e-05,9.174198309100545234e-03
2.696124188810422595e-01,9.897634263508094943e-01,3.466984484720937238e-05,1.020190380434309388e-02
3.012946711101051056e-01,9.886277901556902448e-01,3.446901542269941804e-05,1.133774082888692677e-02
3.366999161837544441e-01,9.873741300356034811e-01,3.424845600998738119e-05,1.259162150838630777e-02
3.762656443290319785e-01,9.859919439202274871e-01,3.400667469486177378e-05,1.397404940507738190e-02
4.204807554067712116e-01,9.844701711598068394e-01,3.374216352301272009e-05,1.549608667666967261e-02
4.698916000761408363e-01,9.827972424297309884e-01,3.345342149579279690e-05,1.716930414877270925e-02
5.251087308586019908e-01,9.809611488022751402e-01,3.313898225871872574e-05,1.900571221546551101e-02
5.868144465218161354e-01,9.789495317117071771e-01,3.279744655367179814e-05,2.101767084173867400e-02
6.557712230068230008e-01,9.767497949608375807e-01,3.242751926318712235e-05,2.321777751989895569e-02
7.328311350764893373e-01,9.743492390934259673e-01,3.202805056580208701e-05,2.561873285600808903e-02
8.189463851052642962e-01,9.717352173789152170e-01,3.159808035027219657e-05,2.823318454073440661e-02
9.151810691107942208e-01,9.688953113371594483e-01,3.113688461776009474e-05,3.107355177822261269e-02
1.022724325416152658e+00,9.658175222213770672e-01,3.064402216114268549e-05,3.415183375646153874e-02
1.142905028416073110e+00,9.624904732620552794e-01,3.011937938758380885e-05,3.747940735855686406e-02
1.277208209012952844e+00,9.589036158823774914e-01,2.956321079465388244e-05,4.106682090682751279e-02
1.427293404624182305e+00,9.550474316886922166e-01,2.897617237963067568e-05,4.492359213892788833e-02
1.595015165505430987e+00,9.509136210053581451e-01,2.835934521598730744e-05,4.905801964942573673e-02
1.782445970779351851e+00,9.464952682491274416e-01,2.771424662233652836e-05,5.347701750425026129e-02
1.991901837335055880e+00,9.417869746827872701e-01,2.704282681008670074e-05,5.818598249040294462e-02
2.225970938038554170e+00,9.367849501534695200e-01,2.634744962993156077e-05,6.318870239690085877e-02
2.487545582879441053e+00,9.314870573136551091e-01,2.563085700765728073e-05,6.848731182933751049e-02
2.779857958233524329e+00,9.258928044472967134e-01,2.489611779031923307e-05,7.408229943491327629e-02
3.106520065859142310e+00,9.200032861671439965e-01,2.414656290129405360e-05,7.997256726995544129e-02
3.471568355139242001e+00,9.138210746121130379e-01,2.338570979215415357e-05,8.615553967809548574e-02
3.879513600074278035e+00,9.073500670042008442e-01,2.261718004484828664e-05,9.262731581575514572e-02
4.335396637338461368e+00,9.005952981707167071e-01,2.184461450525568751e-05,9.938285721477899126e-02
4.844850654135036905e+00,8.935627286091981647e-01,2.107159044973928481e-05,1.064161998003530785e-01
5.414170795519813062e+00,8.862590196844672974e-01,2.030154498779947477e-05,1.137206787705461325e-01
6.050391951306289151e+00,8.786913075454982902e-01,1.953770823531956907e-05,1.212891547462676967e-01
6.761375683737943731e+00,8.708669864158454788e-01,1.878304885111726987e-05,1.291142305353047415e-01
7.555907370062650230e+00,8.627935102377677357e-01,1.804023344547037578e-05,1.371884495287882255e-01
8.443804760365662077e+00,8.544782194921753948e-01,1.731160027566384918e-05,1.455044689075502551e-01
9.436039292072823770e+00,8.459281976613425291e-01,1.659914666197194637e-05,1.540552031919966702e-01
1.054487166016452804e+01,8.371501594987418304e-01,1.590452877271197578e-05,1.628339359724864932e-01
1.178400331829424275e+01,8.281503712298662334e-01,1.522907188563159858e-05,1.718343996982493183e-01
1.316874578285792907e+01,8.189346011546010384e-01,1.457378894252888486e-05,1.810508250564576427e-01
1.471620983204549660e+01,8.095080979176122460e-01,1.393940514957130492e-05,1.904779626772392098e-01
1.644551693774078061e+01,7.998755929559140387e-01,1.332638648990402600e-05,2.001110806575969736e-01
1.837803554285999041e+01,7.900413232701904986e-01,1.273497026070337886e-05,2.099459417595494481e-01
2.053764510372548813e+01,7.800090706261317841e-01,1.216519605719073022e-05,2.199787641778115366e-01
2.295103116015302547e+01,7.697822134958952622e-01,1.161693597129301394e-05,2.302061695681339448e-01
2.564801507933174918e+01,7.593637883994260873e-01,1.108992310298962635e-05,2.406251216774712987e-01
2.866192254802562545e+01,7.487565577515283843e-01,1.058377778331405587e-05,2.512328584706887136e-01
3.202999536642598599e+01,7.379630817870982407e-01,1.009803116105958494e-05,2.620268201817410048e-01
3.579385163204764808e+01,7.269857925963011391e-01,9.632146009944296891e-06,2.730045752576889528e-01
4.000000000000000000e+01,7.158270687199074223e-01,9.185534764578335337e-06,2.841637457453278781e-01
