quantity,value
first_positive_output_time,1e-08
crossing_time_analytic_1_over_2k2,1.6666666666666667e-08
crossing_time_numeric_argmin_S_fine_grid,1.6272593536367297e-08
S_at_first_output_time,1.6659999002952914
kappa_peak_output_grid,54.271597949481574
kappa_peak_time_output_grid,1.7428410828637133e-08
kappa_peak_fine_grid,228.7992849821099
kappa_median_output_grid,1.0142818489296839
kappa_fraction_above_10_output_grid,0.02
kappa_at_T,2.1418659114272947
lambda_slow_at_T,-0.02141887737070647
min_abs_slow_eigenvalue_output_grid,0.02141887737070647
structural_zero_max_abs_output_grid,1.3660483328226799e-15
full_vs_reduced_max_rel_mismatch,5.830774492309341e-15
Jr_T_11,-0.13185534764578336
Jr_T_12,2841.545602105633
Jr_T_21,0.13185534764578336
Jr_T_22,-3392.677687980333
