method,h,E_inf,steps,work_count,work_type,newton_iterations,newton_updates,max_newton_iterations,wall_clock_time,observed_order,newton_tolerance,min_component,nonnegative,reached_T,finite
Explicit Euler,0.0005,6.83062824376457e-06,80000,80000,RHS evaluations,0,0,0,0.032136699999682605,,,0.0,True,True,True
Explicit Euler,0.00025,2.8926520412776695e-06,160000,160000,RHS evaluations,0,0,0,0.05105770000227494,1.2396254846881145,,0.0,True,True,True
Explicit Euler,0.000125,1.3647870141183173e-06,320000,320000,RHS evaluations,0,0,0,0.10249150000163354,1.0837169664544501,,0.0,True,True,True
Explicit Euler,6.25e-05,6.654597371008414e-07,640000,640000,RHS evaluations,0,0,0,0.22024190000229282,1.0362525394253594,,0.0,True,True,True
RK4,0.0008,1.1721268169818885e-06,50000,200000,RHS evaluations,0,0,0,0.025773199995455798,,,0.0,True,True,True
RK4,0.0004,4.377266054581975e-08,100000,400000,RHS evaluations,0,0,0,0.0502217000030214,4.742954783714506,,0.0,True,True,True
RK4,0.0002,2.178656900403374e-09,200000,800000,RHS evaluations,0,0,0,0.09866869999677874,4.328519154358811,,0.0,True,True,True
RK4,0.0001,1.2148208224836271e-10,400000,1600000,RHS evaluations,0,0,0,0.20208909999928437,4.1646235683335915,,0.0,True,True,True
Implicit Euler,0.01,0.00010393132396132287,4000,4015,Newton updates,8015,4015,9,0.004520799993770197,,1e-13,0.0,True,True,True
Implicit Euler,0.005,5.199784028025218e-05,8000,8014,Newton updates,16014,8014,7,0.00772059999871999,0.9991069274559499,1e-13,0.0,True,True,True
Implicit Euler,0.0025,2.6007049393626095e-05,16000,16014,Newton updates,32014,16014,6,0.016446800000267103,0.9995489735539497,1e-13,0.0,True,True,True
Implicit Euler,0.00125,1.3005609886227534e-05,32000,32016,Newton updates,64016,32016,5,0.03281789999891771,0.9997686741614233,1e-13,0.0,True,True,True
Trapezoidal / CN,0.001,1.470251767285281e-06,40000,40007,Newton updates,80007,40007,5,0.04113530000176979,,1e-13,0.0,True,True,True
Trapezoidal / CN,0.0005,7.824526447237331e-07,80000,80012,Newton updates,160012,80012,4,0.07980799999495503,0.9099878790564719,1e-13,0.0,True,True,True
Trapezoidal / CN,0.00025,1.949445549514351e-07,160000,160014,Newton updates,320014,160014,3,0.16803420000360347,2.004939581496272,1e-13,0.0,True,True,True
Trapezoidal / CN,0.000125,4.864392122330617e-08,320000,320022,Newton updates,640022,320022,3,0.32876280000346014,2.0027324236758743,1e-13,0.0,True,True,True
Implicit Euler,0.00065,6.763460838507897e-06,61539,61558,Newton updates,123097,61558,5,0.0629174999994575,,1e-13,0.0,True,True,True
Trapezoidal / CN,0.01,9.412975534327541e-05,4000,4102,Newton updates,8102,4102,8,0.0037239000012050383,,1e-13,-2.9078144011891518e-05,False,True,True
Trapezoidal / CN,0.005,0.00011169137445846705,8000,8060,Newton updates,16060,8060,7,0.007885400002123788,,1e-13,-4.216555142113233e-05,False,True,True
Trapezoidal / CN,0.002,2.808883085129798e-06,20000,20015,Newton updates,40015,20015,6,0.02111929999955464,,1e-13,0.0,True,True,True
